treatment,,,,ACV (1uM),ACV (1uM),ACV (1uM),ACV (1uM),ACV (1uM),ACV (1uM),ACV (1uM),ACV (1uM),DMSO,DMSO,DMSO,DMSO,DMSO,DMSO,DMSO,DMSO
time point (HPI),,,,2,2,6,6,12,12,18,18,2,2,6,6,12,12,18,18
replicate,,,,R1,R2,R1,R2,R1,R2,R1,R2,R1,R2,R1,R2,R1,R2,R1,R2
Protein Gene,Protein Accession,temporality,Peptide Modified Sequence,,,,,,,,,,,,,,,,
C1QBP,Q07021,host,AFVDFLSDEIK,0.44025737227074596,0.7627809814226297,0.47027347356116495,0.2637307000633608,1.3685958957933073,0.7073531694051165,1.0477570924761992,1.5102256199227444,1.17298139619147,1.6448792452463172,0.7709534352722511,1.1875841962270293,1.4250515436992817,1.0837518510300532,1.3041297907355809,0.8396942366827491
C1QBP,Q07021,host,EVSFQSTGESEWK,0.6894276982434843,0.6098767341016295,0.729659883763325,0.850470240578843,1.1370612007794525,0.9918175770998932,1.1759838333543555,0.9878295801589551,0.8029375827861003,0.7272957609574545,1.0483975093049978,1.1869145602660232,1.1450285443899275,1.2181700639254252,1.2715037473783561,1.4276254829117765
C1QBP,Q07021,host,MSGGWELELNGTEAK,0.7662341929055864,0.8278769627929051,0.7268067389368859,1.1121173413374925,0.9913039352190002,0.87548047292827,1.3484239293598115,0.9319389991369216,0.7518950107936474,0.7452291567543845,0.9853668582298776,1.106858346965992,1.1023443508613722,1.155777709224616,1.3276249836938192,1.244721010859418
C1QBP,Q07021,host,VEEQEPELTSTPNFVVEVIK,0.5200934963417978,0.5928302906018318,0.8122975634345215,0.5519803499468765,1.1987640445004553,0.9399385333187822,1.1885670787000413,1.2560111522518433,0.8418266704787272,0.9712634806839678,1.095221437740231,1.1892951856228542,1.1374567766139674,1.5164679719676049,1.2057729321902588,0.9822130356062407
CVC2,P10209,L,APVTFGDLLGR,0.056915465467835026,0.05380662200152288,0.4279238305982839,0.5865590022271165,0.6453506064118361,1.2149915595723917,1.2230706432725562,0.7281865035210953,,0.03523060114619865,0.7594597653715611,0.7648647567148135,1.4075371784647706,1.9035713814321682,2.4797425104131574,2.7127895733846934
CVC2,P10209,L,GHNLFLWEDQTLLR,,,,0.36850711668477276,,0.2857163650697097,0.5627671582205005,0.07507234712572732,,,,,0.9434400554007649,1.267333525383176,1.4937927863787348,3.0033706457366143
CVC2,P10209,L,LTALELINR,0.03441913049042718,0.04514707533014966,0.35136929586874976,0.5990245483481758,0.7619322788424223,0.7522883153731637,1.1941863921364355,1.1688375060719458,0.020550125218095242,0.023845351404048084,0.6935820273010651,0.8124532504554752,2.3100536613071694,1.9116191599258958,2.633907088835636,2.6867847930911464
CVC2,P10209,L,NFITPEFPR,0.039819086718601765,0.0445717389640478,0.3779387596237962,0.5214858279824572,0.7663405230859762,0.7785312858416402,1.0797863494715767,1.0675237495912624,0.020768110500093844,0.0236155308509483,0.6205726558757332,0.7333482066416119,2.191793930283259,2.0220069037306776,2.9029805844409635,2.8089167563973545
DBP,P04296,E,EALHTVVNNVR,0.17806060344606273,0.20796514366465277,0.9916706410962838,1.8546674045738383,0.755102679410087,0.8649298392070344,1.1104276988345867,0.9956096220174436,0.08618202148968747,0.09458438178713012,1.1417864677060594,1.2343988506021644,1.6471365508563247,1.1467234508092599,2.089633337160908,1.6011213073384778
DBP,P04296,E,VIAEPFNANHR,0.17046126217613866,0.2377564421966785,0.7423145078972524,1.9300359657709225,0.5772877011154331,0.8539564830305777,0.8954383630602942,0.9933309384963741,,0.096166801501932,1.2094584071215013,1.3007472526897108,1.603202938767672,0.8987977951861857,1.8018368198617083,1.6892083211276185
DBP,P04296,E,VLFAGASANASEAAK,0.12383042321882103,0.15495356814181255,1.1705644129930979,1.774731236111315,0.7927307658983521,0.9415495334524103,1.0939086465896355,0.9100922657848791,0.08250941945591066,0.07644018861047715,1.2211629172172196,1.3288402818590754,1.6038149038967946,1.2826700794674664,1.9114785107301695,1.5307228465725635
DBP,P04296,E,VPPGPLGYVYAR,0.15885543759030207,0.18730718395499532,1.3741611550895056,1.8916814890344233,0.750695593517456,0.9179410626724426,0.9998095537214458,0.8625516381389803,0.08558110865615627,0.0919065231859107,1.3025983007513948,1.1732918750509358,1.5042236945223935,1.2707347953226713,1.824075156151345,1.6045854326396392
ICP0,P08393,IE,AGTAVDFIWTGNQR,0.21564810177721946,,0.7686040345043046,1.0534700116510285,1.2149701469012189,0.9397714130213358,1.4793480166456965,1.0040359958058047,0.18921285475992367,0.1849972181894286,0.8489149502589663,0.98131730512671,1.6995259793143127,1.2003413578364455,1.5837759158383582,1.636066698369246
ICP0,P08393,IE,DLPDSSDSEAETEVGGR,,,,,0.705705260247281,0.8188892029282996,1.1579336178572703,1.0173723841892,,,,,0.8537198245747061,0.9646077801797602,1.2826412973207428,1.1991306327027407
ICP0,P08393,IE,HPWSGEQGASTR,0.30335069124941005,0.32179286253436784,0.5299385218553001,0.6462199346115758,1.1813209999344085,0.8942124776927506,1.2336039167224238,1.2219203299696224,0.2964664239294207,0.20740060409668187,0.7725580197653507,1.3487956532570629,1.9937593579288497,1.5487417472195206,1.6890020686148357,1.810916390618418
ICP0,P08393,IE,YLPISGVSSVVALSPYVNK,0.23238359817960721,0.290922092115768,0.9424015170896143,1.2589380217314523,1.1613627019386918,1.084774091935917,1.3393680769969474,1.312874779374263,0.1768863290040338,0.20784184994164767,1.0058274812316712,1.063863861761988,1.5911994039051498,1.3215334959238039,1.5505708916542844,1.4592518072151588
ICP22,P04485,IE,APTPSAPSPNAMLR,0.08498640800986865,0.08145977053955447,1.0487471173382272,1.446161452800527,1.0742519759931481,1.0435435029446765,1.86090897721782,1.9555867209465316,0.05448513129619425,0.05170073149887073,1.3231807169397867,1.075628056233194,1.0220885282016947,0.990878115343266,1.531351145003262,1.3550416496933793
ICP22,P04485,IE,DGVIFPK,0.03848620185898004,0.04324595246103987,0.8649117148426512,1.1779412421306419,1.2369518969476805,1.1806755235203406,1.7717205667160865,1.8357623761458615,0.027263765462561554,0.030216860394404767,0.9751988180985534,0.8647676202595044,1.3775961618738821,1.2419439836218589,1.7078708741996056,1.6254464414663476
ICP22,P04485,IE,LLQVSGGTWGMHLR,0.047140286910986914,0.07102211676015861,0.768780526099275,1.7493352106632087,1.1626348404301705,1.2650782796081472,1.894357651311854,1.5350371147042776,0.027549296828719923,0.030684717219686106,0.9813577260438451,0.8808881640751709,1.4625638293993104,0.9451182015164081,1.655615842975839,1.5228361954529424
ICP22,P04485,IE,WTPDLGYMR,0.04955195759728587,0.04051829091104145,0.8542320297814595,1.4476882115391119,1.2063558279611202,1.0695306806041476,1.7368822749336146,1.4571670985517158,0.0287310957114955,0.02519440466712709,1.03778351626707,0.9322208211770073,1.3337520911935155,1.4208627174175832,1.75271120655444,1.606817775132266
ICP4,P08392,IE,ALLEPDDDAPPLVLR,0.19729981031954527,0.2893655953624965,0.7965901542689111,0.9311666201455587,1.1767389664233903,1.0791431927441417,1.2964515036781281,1.3018535502233073,0.18111482087475506,0.2113978632270275,1.1252245882574836,1.2904141162304743,1.604161312352766,1.2899352770747046,1.6224188438250204,1.6067237849922893
ICP4,P08392,IE,APAAGTDAGEDAGDAVSPR,0.5910523369880107,0.5795906948427801,0.8573095648454493,1.1557116907299019,0.8592557637660729,0.805554689769617,1.1074648208753557,1.2423632286020156,0.4586780994596037,0.4737184266433352,1.3069327892256914,1.4025186827954006,1.2410904401614613,0.8321854105391077,1.5782161846783551,1.5083571760778418
ICP4,P08392,IE,DGYVSGEPWPGAGPPPPGR,0.2484673498113001,0.2137686435739911,0.8276736093772035,0.9362633211593135,1.0532019010962377,1.06680829061636,1.1693785593532104,0.9540533428681829,0.21619418505732788,0.17368783966957144,1.240821270610141,1.4950351946998335,1.4870627266512482,1.4830001010910492,1.7572003980433313,1.6773832663216977
ICP4,P08392,IE,VAGGSEAAVAAVR,0.26084079689248346,0.27716257517950516,1.0446721438526432,1.359484602314352,0.9449794338523654,1.0469983239165896,1.1844283094491541,1.197883574250281,0.18598219428799617,0.1870765980828016,1.3553629953991415,1.1798405933489886,1.421818114692521,1.1769838715226821,1.6019160115736943,1.5745698613847985
IFI16,Q16666,host,EVDATSPAPSTSSTVK,2.6265399437898567,2.8056663469601126,0.473688506699504,0.6494898059152793,0.5899226862326121,0.4159187781597555,0.6647471912813039,0.5586003487894765,2.428902102028817,2.535121497320632,0.358586080799113,0.4115875407033867,0.3643997422621082,0.24885936925953014,0.4932137469066853,0.3747563128918267
IFI16,Q16666,host,VFNIDLK,2.1759337784399118,2.319335181143673,0.7561939044262352,0.9585331795635159,0.7370672121692291,0.6315966868431157,0.7829443120118237,0.6108943560447264,2.1874495592139267,2.213223673088374,0.5181842856173874,0.48770422319102696,0.4102168350326169,0.32975472775024195,0.43201011308886994,0.4489579723753264
MYH9,P35579,normalization,LEVNLQAMK,1.753755867470078,1.42919248005457,0.7617287531801472,0.9392283369618879,0.5973503650127718,0.7386093157355401,0.6277654026546974,0.7169941306676182,1.6238551934988625,1.6376281223887297,0.9330984977007556,1.074137935600184,0.8838023086011018,0.6236141683374259,0.8186436118815856,0.8405955102540458
PML,P29590,host,APASEEEFQFLR,1.7802505482686277,1.676848675642168,0.6267150877704726,1.0113211569595069,0.26590321763271213,0.4658197523768768,0.5333820712865731,0.5087243133026121,2.285039456245373,1.9408720345609611,0.9604888465949667,1.0929661213918809,0.8645609286352451,0.5245651741219213,0.6836598435660306,0.7788827716440713
TK,P03176,E,DDIVYVPEPMTYWR,0.19151469984366276,0.12926353733159776,1.8288794188668205,1.8775831114206283,1.100042392077579,1.3464534690686993,1.0600483275711996,0.854975870944445,0.09414498603834337,0.07896620582813939,1.3034320777785808,1.393402482427053,1.1412376481641304,0.9611417972514963,1.2807004496596825,1.3582135257279409
TK,P03176,E,VLGASETIANIYTTQHR,0.18517457720242939,0.15752048467846166,1.525291423295058,1.973265011073821,1.146896197253547,1.319228426443639,1.2292986197545,0.9639520966457029,0.10292834985857767,0.08883420179042173,1.3689304881813953,1.380517334634401,1.1178385165796358,0.8745295781573524,1.3236418278748567,1.2421528665762014
TK,P03176,E,VYGLLANTVR,0.17774807639920737,0.1666217781467584,1.7532925946206837,2.0059473781657036,1.1416185516337376,1.4412248394625977,1.1776582524308314,0.7929321359477712,0.07897146756948381,0.09070047491205778,1.367783418374228,1.3561677823190699,1.0586764280607028,0.8925296969313877,1.2442512109111257,1.253875914114653
TK,P03176,E,VYIDGPHGMGK,0.20120150310857077,0.21328251413949065,1.470405307978482,1.5772927774383558,1.1024030775914484,1.2700393659949374,1.2783176371275964,1.0390029303966826,0.10290554335124956,0.08055867470685074,1.2298849600249606,1.4298391421927537,1.1922678893098038,0.969277259894053,1.4226140815078865,1.420707335236877
TUBA1A,Q71U36,normalization,EDMAALEK,2.18526932433913,1.4247345064021293,0.4331644993258038,0.4967526534964416,0.5408988176061725,0.726289645231067,0.5559298879141454,0.5352757483956652,2.0527460133028193,2.1312932048568487,0.5491301368023919,1.2666729833289718,0.8079234307271661,0.6089924768435536,0.8749378899823712,0.8099887814453236
UL12,P04294,E,APLAIGPLWAR,0.09700351777472295,0.09754225617157135,1.4432067782431117,1.9539180221969423,0.9233511710822285,1.1508890368820213,1.1141515053985027,0.7911284917143055,0.03821189721039018,0.0469105375820555,1.3382911371807158,1.3654217903169574,1.3264548714778457,0.9308594413054306,1.7193291216324813,1.6633304238307154
UL12,P04294,E,DIHGYLAPVPK,0.08487962396712907,0.08562616967768065,1.0673981583393637,1.9916453782821544,0.9657225547645311,1.0930772569762737,1.1066788585370115,0.9823409596706212,0.0446538096322706,0.03283822393609837,1.3415713297049687,1.4574252065132116,1.5925542905128582,0.6843738991433647,1.7965413745418672,1.6726729058005962
UL12,P04294,E,HTISPVSWSSGDLVR,0.07396826006571929,0.07102447196974042,1.2872709698744105,1.8908435854499188,1.0095533367281069,1.0717644215288757,1.15332358054743,1.0083336339960658,0.043201509014241295,0.03537604263574919,1.3695675234869784,1.422344725439647,1.5304104892661903,0.9922314228028283,1.5327043310169237,1.5080816961771748
UL12,P04294,E,LEDGAGALGAAGPSK,0.08933609341326226,0.09079161004160823,1.3032791115140867,1.6519622673269243,1.0321527884694799,1.0599425830551779,1.1216857348648137,0.992639307661749,0.046109915267448516,0.03874136157220095,1.3769057476889557,1.5384723423057747,1.4782641833320753,0.9465577695854273,1.5522664254498781,1.680892758451138
UL26,P10210,L,AADLFVSQMMGAR,0.027284619547295736,,1.092481215037532,0.9203296625098274,1.2751675691265698,0.849530286290607,0.9351639622101422,1.0220519834922837,,,0.5436356919501151,0.7287143653489528,1.3245840679744079,0.7866222258000409,1.8016828741539361,1.6927514765582878
UL26,P10210,L,LAAEAELALSGR,,,0.07531344651220688,0.30160830944065886,0.7325726937246402,0.6771172397916098,1.1101877436544658,0.7087347189066332,,,0.23620453441320688,0.4732250433507973,1.523961168766901,1.3000735521358615,2.321760412928579,2.5392411363744394
UL26,P10210,L,LGTIVTYDTGLDAAIAPFR,,,0.2803781078450942,0.3878195266477202,0.8331422968042881,0.7834174693345154,1.354093303824315,0.9742870441982041,,,0.3278755171006019,0.42935577669171043,1.203337573712583,1.3460313111967162,2.001173200713117,2.0790888719311336
UL26,P10210,L,WSLVAER,,,0.19998249654645286,0.3485619308149274,0.7153726071170229,0.5304756760219438,1.0747024427298526,1.000676641345817,,,0.3329196688446339,0.526752292830603,1.4250113585546782,1.3164816117145313,2.25201142620736,2.277051847272178
UL30,P04293,E,ESLLSILLR,0.2716807061695524,0.28830426764411654,1.9176868742238788,1.9711058675627922,0.7284617134221594,1.6086761993111707,0.878116943877475,0.4098991655924413,0.10089763658224436,0.14186050489349394,1.822145128436452,1.3648866605971728,1.0545814916608995,1.2919223170949212,1.2264295056273378,0.9233450173038911
UL30,P04293,E,GISADHFEAEVVER,0.21612305437996007,0.1958204816097298,1.6120792652023062,2.107403234256409,0.800804322044055,1.0895037099303748,0.7997524785882137,0.600953552691698,0.11438674782246386,0.0994401251674479,1.7598268043542034,1.506630226113484,1.3361617960043184,0.9928621908970138,1.3608655316044795,1.407386479333842
UL30,P04293,E,IPQSSPEEAVLLDK,0.26279348575847644,0.24752670142083474,1.5755073066363592,1.7840394837500173,0.8213737903646591,1.1101234977945094,0.826226164819243,0.6695381065288759,0.12194052088005294,0.14121762246647412,1.8306996818309111,1.5876815688810084,1.2653968122768997,1.1023472954806333,1.2960622374333979,1.3575257236776477
UL30,P04293,E,LNAVAEAVLK,0.24302987917654917,0.26012093843670253,1.3305548506335578,1.79864783903474,0.7841657424455406,1.0319229495774889,0.8188857778119725,0.6486097710537899,0.1736892942024226,0.1578141513290455,1.7282670672681983,1.5479417489468654,1.3744291229919339,1.050860571330528,1.5469782654698243,1.5040820302908386
UL42,P10226,E,DLPTGEASPGAFSAFR,0.015156741418244742,0.019144306996362503,0.6870658005271524,0.951672514224759,1.021500211967275,1.0498967467521938,1.294438083202678,1.3093621991963145,0.008764313222203494,0.008720884795779473,0.7593102467102807,0.7389372173583711,1.8714756747692738,1.4606673228625193,2.3422889281828914,2.461598807813701
UL42,P10226,E,EEGVSSSTSTQVQILSNALTK,0.016652045652009256,0.01406080904074733,0.5564415508772437,0.9553324056036752,1.1090980232141294,0.8767161363268875,1.4693929788830613,1.243366146258381,0.03117139632072825,0.020017995056135406,0.7126040408786202,0.753168272439927,1.6750021366446777,1.501864094498254,2.4296378275295307,2.635474140775993
UL42,P10226,E,TSLLDSLLVMGDR,0.0152312601867543,0.021533182342115917,0.6371693811234889,0.8042314131193922,1.0797846816108267,1.1859616165096825,1.3092713344559372,1.334388840454598,0.008946586362154575,0.011929248794979133,0.6795885075878801,0.6883584611737849,1.9093188368495386,1.9385374407269096,2.3606894118234196,2.0150597968785373
UL42,P10226,E,VELAITGQAPFR,,,0.5182892871266641,0.5627700140130106,0.8108949973488084,0.9580078566934952,1.0984101860087505,0.9056195692908106,,,0.5518574961021914,0.5590817958102064,1.2275875587094986,1.2339503189876468,1.7929604747040864,1.7805704452048303
UL48,P06492,L,DGLGLYYEALSR,0.022703496270551116,0.02729170431760693,0.5280070863815896,0.6819328370615686,1.0059292995494546,1.0976504107319944,1.4805845060042833,1.3365190910923452,0.019208737763924004,0.019949930954585766,0.5737587269848335,0.6767564436531938,1.7698695142995087,1.5890592135534147,2.599938632745855,2.5708403686352903
UL48,P06492,L,EHLNLPLVR,0.023437844759278688,0.025954336958865332,0.34515924504532736,0.6570504445135461,0.8786342687325408,0.9372568140743591,1.2991783399633512,1.5734538942548153,0.016359260034113816,0.016403209002303732,0.5051686787799977,0.7059321068008497,2.2773583441350076,1.230270856391376,2.6547040185503827,2.8536783380038853
UL48,P06492,L,FLSTLPSDVVEWGDAYVPER,0.02927972227377602,0.0381390799790945,0.47469551571268837,0.638920802872383,1.1100012730604396,0.9157325603182003,1.1851927562732187,1.2032828778381581,0.024812960689530348,0.025429626991905287,0.47582314451973884,0.6695165133860062,2.259528851538863,1.6443056131228655,2.4406657759317456,2.864672925491387
UL48,P06492,L,LSFLPAGHTR,0.03177206424975098,0.03382724490601519,0.5018119269775257,0.7314631456597129,0.9309643274693226,0.9427135385870578,1.3915085357838226,1.4206559277714224,0.021033653710954305,0.022157888667746557,0.533287068213665,0.7394437558601196,2.06047084361694,1.667394150980349,2.5291515799780195,2.4423443475675763
UL49,P10233,L,APPPPAGSGGAGR,0.04075527417998775,0.045320720103114234,0.6455868958152898,0.8659899158209906,1.4666170725040777,1.2615496103594397,1.8802197632102635,1.9322757610805221,0.0286793979419167,0.02825495947490136,0.7344948774597045,0.8509495444313883,1.6668548177511964,1.3812687139172795,1.5367919011375637,1.634390774812364
UL49,P10233,L,LHFSTAPPNPDAPWTPR,0.024439743723421732,0.0186306160212148,0.6041499239062957,0.7475341312545014,1.4799609810206618,1.3694176552407098,1.8584473841281028,1.640240793751889,0.020315452197014965,0.01289649317577069,0.764989055190342,1.0215784273268305,1.6374945490032529,1.6078473329952878,1.6102029108309068,1.5818545502337957
UL49,P10233,L,TDEDLNELLGITTIR,0.028982098985700568,0.04011993266988846,0.7313339921700952,0.839744134421203,1.4969288428772924,1.4030208441721614,1.7987062237230411,1.8413569284493512,0.0214380393411161,0.024139327348788917,0.8439327750509356,0.8049545791121158,1.4936229607510358,1.5544349296947406,1.5850550671007826,1.49222932413175
UL54,P10238,IE,APAADTIDATTR,0.2711464502794018,0.24075336499458383,1.2331410317252733,1.7462324828840887,0.9655166260498393,1.082599483908078,1.205007710680278,0.8617771503919749,0.18602682528917783,0.16098409406362407,1.2725636198652364,1.5793292898080566,1.3731755175814604,0.9568792157042436,1.4934222185293338,1.3714449182453499
UL54,P10238,IE,GSEQPDPPGGQR,0.2981554891473131,0.22606647666798818,1.2881027217775498,1.7620599671059927,1.0718320499098335,0.8918819394075126,1.1051949289747052,1.0753330864535116,0.21096510138654362,0.17563091810216283,1.2176318783711588,1.4988636429300544,1.4491150889036932,0.9787354595921182,1.359002741529203,1.391428509740659
UL54,P10238,IE,GVAEIDYATLGVGVGEK,0.24483750882739996,0.23329911997762598,1.340236053751132,1.8554240878640018,1.0281241392645113,1.1345598485543644,1.185507950780717,0.7959166649723475,0.20557520113314376,0.16974857552927655,1.3363598049002532,1.4453766594484918,1.1762281736494222,0.9130017381496707,1.4831311676934205,1.4526733055042207
UL54,P10238,IE,VSWETLVAHGPSLYR,0.27279260026125535,0.17864101337541827,1.3458185852910203,1.9291705489754227,0.9625042527541576,1.1183054033971156,1.1156679630984256,0.9123914704511396,0.1739585344335754,0.1403466811784769,1.4971876340769754,1.5704904407024711,1.3678076597856292,0.901739401864894,1.264262770298962,1.2489150400550622
UL8,P10192,E,AQLLAALADLGGSGLADPHGR,,,1.4821335200016672,1.7129057092041469,0.5631867557055266,0.7551047769774147,0.5345953084544756,0.5709012029847863,,,1.4523430025501958,1.078129155491434,0.9944651688278083,0.8102260681560922,0.973276244460326,1.0727330871861263
UL8,P10192,E,ASWGPPAAPR,,0.1559832519895177,1.3897777422377453,2.0881065429871026,0.6008655736079238,0.8293743851781981,0.6972839929589876,0.5815105246004499,,,1.428689996370816,1.2121719506383204,0.7873082595890261,0.8966460981957356,1.0960744352355012,1.2362072464106761
UL8,P10192,E,GPAYTTAAGVVR,,0.15102262372247668,1.329915535599137,2.0910408375806897,0.5299620260856196,0.9102411943628292,0.5984752847199141,0.7214198100083236,,0.04606194354918952,1.3703008580829745,1.4315535802426425,0.9558080983180972,1.0819571281319775,1.2155381971942576,1.5667028824018716
US3,P04413,E,AGWYTSTSHEAR,0.07052024076134207,0.07637333239491036,1.0513430298925335,1.2778799975203716,1.1731405092549052,1.4879960146302835,1.5687289317434376,1.348310124307279,0.021498133742956994,0.01837129119828344,1.2530522832045792,1.0200600002158782,1.5037292036356076,1.5370777357796472,1.3579876677646385,1.233931503953346
US3,P04413,E,DEIGATGFTAEELDAMDR,,,0.28798983618322266,0.1965117383646462,1.2663513750846922,1.0871389727512892,1.2814480707317548,1.5808858187982266,,,0.5803245753895859,1.0455039848823948,1.4236529831728915,1.0726709869300655,1.1602331594378532,1.0172884982733779
US3,P04413,E,QLLSAVDYIHR,0.08112788026537973,0.07194836799547896,0.9831945654535127,1.3903163796968567,1.370583962004504,1.5021994135456191,1.7133826142432818,1.3744802289371658,0.04110862812076265,0.03891656500381178,1.0925866163270694,1.0902907344315946,1.3996628319938451,1.167795987067005,1.3183529015916435,1.364052323322468
US3,P04413,E,YQADLYTYLSR,,,0.9532030740327323,1.1284769359073983,0.9941200729566839,1.11704802774629,1.1999275769990436,0.9694453802986261,,,0.9406045715560655,0.8493983243136304,0.9934646317723964,0.9777959670680159,0.9186800726830792,0.95783536466604
WDFY1,Q8IWB7,host,EDGVITASEDR,1.425843453511282,1.4561394981396107,0.6873182922300799,0.9255328949376593,0.8340474303592067,0.8248354979685041,0.8320759431483645,0.7469555156372846,1.3345687197045983,1.3341313145103741,0.9306087717984928,1.0209663053782712,1.0272651409365252,0.8015735430473463,0.9282722483114517,0.8898654303809499
ZC3HAV1,Q7Z2W4,host,DQVYPQYVIEYTEDK,1.193359212409556,1.0989276764523241,0.7782843815690899,1.1172298658747308,0.9387404953577574,0.9115029464964427,1.1269791835422966,0.8224049218169014,0.8976854943662712,1.0444939462678775,1.0595901901393394,0.9773581318084672,0.9480827325722416,0.9715580578497278,1.057278310043449,1.0565244534335279
ZC3HAV1,Q7Z2W4,host,SGTQDIQPGPLFNNNADGVATDITSTR,1.0186511668847704,0.919212321001272,0.8923134475318729,1.0286166209537897,0.8650909938380236,0.9099752924167464,1.0430575762230614,1.007486139250289,0.9980840818745663,0.9809348849435446,1.1103785350837936,1.0481947701388838,1.0479998514171331,1.0818613556151884,1.0244243471467793,1.0237186156802873
ZC3HAV1,Q7Z2W4,host,TVFSPTLPAAR,1.101509454514944,1.1567156652319814,0.7947894882779076,1.0926542077907158,0.8356316054942116,0.812145628832646,1.0620932098515559,1.0005501611280039,1.0389630011890694,1.1599904258645743,1.0345036794218128,1.0108067335034283,1.019724386482479,0.8176664976200321,1.1127851747680184,0.9494706800286183
ZC3HAV1,Q7Z2W4,host,VALVNDSLSDVTSTTSSR,1.0682517543136751,1.0902815162221735,0.7825685820349565,1.0490972630045696,0.973563757227068,0.8686496910400199,1.13946026455914,1.070840834836653,1.0462676264058972,1.0823631861758778,1.0008576895536383,0.9850154858117104,1.0607544439660175,0.8692948463531773,0.9282758819396069,0.9844571765558177
gB,P10211,L,DVTVSQVWFGHR,0.07406490353615741,0.030350511108333797,0.6918277403839068,0.7314504684251512,1.2866468780093019,1.204213743034769,1.5359157565367152,1.188869781013374,0.032726253443115104,,1.0655385908457407,0.5661022384390603,1.544587280792537,1.0796372415378612,1.768692596452526,2.199376016441451
gB,P10211,L,FTVAWDWVPK,0.03281430127296101,0.025782615570657287,0.5446013463372273,0.8037906045369284,1.1415265167458464,1.210486215558024,1.7854337550205672,1.545117254855244,0.020209968345178637,0.02006838618910981,0.6943890184932661,0.6853482397080037,1.725881329003371,1.647695088405599,2.0551437647815822,2.061711595176433
gB,P10211,L,LQFTYNHIQR,0.054358145406735774,0.05110127135844508,0.6818192854392822,0.8669585487838732,1.2286408675160523,1.2627741889162476,1.7411948589284896,1.559830621877699,0.0388651890357897,0.03647767920667276,0.8081904901582608,0.7191440002950026,1.585389484271595,1.6492642326192601,1.8615416792437947,1.8544494569427992
gB,P10211,L,NNLETTAFHR,0.03771771293377593,0.0517587048658341,0.30433436094662236,0.4593290689947536,1.344496339908751,1.25091525947091,1.6926017283311359,1.613266343038139,0.04430658501998455,0.04488445507803412,0.5467155095927757,0.9006901888305944,1.830950659525462,1.5839231599669374,2.1988771037414927,2.095232819754796
gI,P06487,L,SHPSTPPK,0.030100055535263785,0.030660280099064203,1.0136454997234041,0.8104435338403365,1.152882513323965,0.9571097087019278,1.5125495820663581,2.0761623435028818,,,0.7411257683430182,0.6743406744231324,1.257186224199816,1.2736311189343308,1.292510356808173,1.1776523404983272
