treatment,,,,ACV (3uM),ACV (3uM),ACV (3uM),ACV (3uM),ACV (3uM),ACV (3uM),ACV (3uM),ACV (3uM),ACV (3uM),ACV (3uM),ACV (3uM),DMSO,DMSO,DMSO,DMSO,DMSO,DMSO,DMSO,DMSO,DMSO,DMSO,DMSO,DMSO
time point (HPI),,,,2,2,2,6,6,12,12,12,18,18,18,2,2,2,6,6,6,12,12,12,18,18,18
replicate,,,,R1,R2,R3,R1,R2,R1,R2,R3,R1,R2,R3,R1,R2,R3,R1,R2,R3,R1,R2,R3,R1,R2,R3
Protein Gene,Protein Accession,temporality,Peptide Modified Sequence,,,,,,,,,,,,,,,,,,,,,,,
CVC1,P10201,L,AALQGGPR,0.04412727528889712,0.04143744423237822,0.051005668160130746,1.4428363934924489,1.1437592038799584,0.9731501794882889,1.3083101469760279,1.2493053583161797,1.3514975080034282,0.9650155814292728,0.7230804567576988,0.05077158834226923,0.053713217087468845,0.06624167712927548,1.149636024028649,1.3111115869217496,1.2842178373557382,1.653067761914033,1.6680446755474723,2.0287578688530963,1.3349132694419856,1.5086081439256724,1.5973911334278814
CVC1,P10201,L,AWLGEVTR,0.0603038543320404,0.06014460164120143,,1.1486241246281015,1.3470274526263757,1.595316346411126,1.4094106106573971,0.43606411337087675,0.8050749539366024,1.3301070855765587,0.6423570241886364,0.06330736731663086,0.06575438826347196,,1.4289609089610358,1.0921524715965265,1.2397111596223789,1.6783464332571523,1.2283243438876454,2.2283196219463863,1.2200660111573105,1.467079045750823,0.4535480808717224
CVC1,P10201,L,VVPLGDDLPAR,0.05501400863353388,0.039183014807092645,,0.8916467416588285,1.4826889456482588,1.3320544975130255,1.387808479553059,0.2692395239241882,1.2840888614032306,1.0767404763121395,0.2601905568961835,0.03301049065350429,0.04369033148883766,,1.215731030105162,0.8334674779279763,0.8030579452077927,2.182946053153394,2.1019455014258184,1.1839598954803028,1.0055083168793215,1.0344757728368188,2.483552078491533
CVC2,P10209,L,DFWMSPVFNLPR,,,,0.20007681465159938,0.39011646344254614,0.13551359752767983,0.5677496993417692,,0.0999261367705277,1.186981689402409,,,,,,0.4130409105834191,,2.26711824963175,1.2139602420461757,1.0,2.2973652014184434,2.2281509951836806,
CVC2,P10209,L,GASGSDSGAIK,0.031421890460878836,,0.03624539857341021,0.24519826695421987,0.3497892252513664,0.7075344737411985,0.5628898934072197,0.8249492685256062,0.9533561731948628,0.7742447463085955,0.688490294241175,,,0.056170342679895374,0.8382149624883168,0.6995992816334372,0.8496186892130332,1.4581704264504751,1.6954871885508451,2.3296191425297605,2.7661038067100483,1.9179896648485366,2.214906864237119
CVC2,P10209,L,LTALELINR,,,0.0925521658516723,0.4084737879163787,0.33666862792432134,0.5829450252650817,0.4055873986956743,,0.14532469380547103,0.9552830999656149,0.47022328554055737,,,,0.42142781654780664,0.3765122990576429,0.36671157120842496,2.497614729882349,1.1514123158484149,2.5162706320928954,1.9442139465829131,2.774536258508333,1.5542423453064507
CVC2,P10209,L,NFITPEFPR,0.09648889374472024,0.034228726886496925,,0.5555463358669984,0.5155193727249071,1.2821474329089066,0.800935945014654,,0.9080278436564063,1.1569316652838637,,0.019525004793901582,0.03674178544956879,,1.5833016427781392,0.4875546989418242,0.8615890336898299,2.5775859768273164,3.230593677494406,1.2723374368774165,0.9773768694236116,1.73749412820428,0.866073529432754
DBP,P04296,E,EALHTVVNNVR,0.2407799897423445,0.10716493739237981,0.09424295880810658,1.5315350262802523,1.9678380368926678,1.0138222810678648,0.16339018472600816,1.1734578534836975,1.8936065403361908,0.8973458448033792,1.1128158380476283,0.09803672149685207,0.07464706576144237,0.06281803175098911,0.6502728015068507,0.0553189838707771,1.033048983452544,1.5789403102040638,3.2192848156201137,2.6645402400080274,0.99300632936558,1.5150101309332327,0.8590760944490073
DBP,P04296,E,VIAEPFNANHR,0.1363530165535595,0.13148789521385762,,1.1437718808178459,1.9432347007520165,0.7518850411400301,0.1663303393648159,0.4349381014942298,2.4316663632960696,0.8301413218896492,0.6756675965815618,0.08542761775177407,0.06696710006845948,,0.839587801113771,0.09129427786232482,0.797310240522748,1.5868533482864366,3.3803356562359346,1.6958141878686057,1.0244549310405136,1.3902087086129424,1.3962698735328538
DBP,P04296,E,VLFAGASANASEAAK,0.08675606672422324,0.07884620163970524,,1.6620999317033593,1.83985361811408,1.41805507902505,0.7740080284108852,0.5738560649001215,1.1273810524113896,0.8184456092543476,,0.049555671058674866,0.019120564262646952,,1.4247871741323943,0.423843267933222,,1.6651194825130324,3.3293857664302755,,0.5662455424318759,0.7164969439548373,1.4261439350998786
DBP,P04296,E,VPPGPLGYVYAR,0.16146287450670158,0.09641993057236699,,1.6730407716852713,1.3162664412443807,1.67130279919199,1.3178280683303354,0.5954753471472943,1.1332204111742883,1.3183187816015731,0.5331458964922937,0.07683254055018017,0.10989660583084819,0.2054767768654589,1.0935167490029292,0.9054315451828763,2.1318125650174298,1.652554530261107,1.8887005785388518,1.8386788830397292,0.5380693236275328,1.0471380486987676,0.6954105314377946
DUT,P10234,E,EAIAFLPK,,0.0335967717858332,,0.49987976527005046,0.9733110103827137,0.9907161981180369,1.2083478398485548,,2.1374037639936416,1.780361768989574,0.7115893203796284,0.04629932544727239,,,0.5769997815165683,0.2797852473931789,1.306735901712077,1.2676928894921196,1.6401990569300673,0.7893311667985496,1.4810082761623098,1.0843983046700774,1.192343611109745
DUT,P10234,E,GGGVVQLNLVNR,0.108479596118858,0.05472613590165285,0.17555339096676242,0.9184719435706318,1.126384818446941,1.1211667336382414,1.3564499397133887,0.8416206591156642,2.0364253911885073,1.8829113828108022,1.040067319493468,0.05675450078884814,0.07540667361173395,0.04475557270726489,0.7987957943355561,0.5480860521613974,0.5920419702627298,1.6857646641558373,1.4563784188830498,1.2824910359024535,1.27414137620352,1.4996565784710336,3.0234700515516573
DUT,P10234,E,GLLVVPTR,0.13332262360079936,0.0592387631452926,0.03237766956624871,1.071730360871896,1.1653037596220388,1.2654908591563538,1.4288169771676527,0.15455462646930523,2.044717321401807,1.7719868181261318,0.3748914486988408,0.05715755847546863,0.0476838880171071,,0.9252299521468248,0.3886826271290634,0.36721856756133725,1.3841581576018889,1.989237326129206,0.20272066729040628,1.1181931667449625,1.149049840663507,4.868237020413861
DUT,P10234,E,VSGDSGWAVGR,0.0749370988270318,0.0695720328305784,0.13924369282650137,0.7299013646827642,1.279205279217959,1.025496468469735,0.7973362806730139,0.5839797307515632,2.369589762365014,1.5650652452369025,0.9416871291267769,0.06712252954350065,0.06625306182529239,0.03436938427551181,0.5487287250000205,0.2577285404869489,0.7920198888728219,1.5406757037330854,2.3280115236701837,1.047595745385236,1.6435483473788477,1.6368280360591214,3.461104428761589
HELI,P10189,E,LNSAYVAMSR,0.42610670922472255,,,1.5475535954349882,1.7030340452640154,0.874887136744185,0.6066482855200933,,1.3653928381108267,0.982070949867597,,0.2615509104970408,0.20171638174632794,,1.1252999133063137,0.4561622458381125,,1.3713688468168408,2.0082405840604793,,1.0278400498650828,1.0421275077033747,1.0
HELI,P10189,E,TTSSEFLR,0.4428408190430715,0.22096554600917848,,1.6111965444806655,1.8958749465458653,0.8625215400315142,0.6281898379504988,0.14783743991495663,1.4637876696403025,1.1074446515819323,,0.37433794104861506,0.24467736030284856,,0.6681033144205668,0.6074928326069359,0.7413153414620122,1.2018171997216076,1.799853251523204,0.8371170653116609,1.3753949716136575,1.4955015734795363,2.2737301533113703
ICP0,P08393,IE,AGTAVDFIWTGNQR,0.13861184585800068,0.1357619316710004,,1.0059833419684936,1.1647581719063917,2.081765025929784,1.2605574968654172,,0.8740703658873087,1.1247176336243432,,0.06151697436525608,0.10009156637722108,,1.6487177306929974,0.7315951002504951,,1.723042050952597,2.4852340081561195,,0.4662926643455625,0.9972840911490123,1.0
ICP0,P08393,IE,GSGGPGVEGGHGPSR,0.09534518972480864,0.12908383204371177,0.14844281605427095,0.3617795756937967,0.9395666994953668,1.6987550529024127,1.1729611013060377,1.550453912651592,0.9753376449715805,0.9770504078951482,0.789246713825503,0.1452498847491274,0.160695922097065,0.18227962664009498,1.3968966208833604,1.2349867589948984,1.4008488200172087,1.6817754060845953,1.746793740654654,1.8938037688433522,1.6448606249903193,1.638861537513118,1.0349243419679783
ICP0,P08393,IE,HPWSGEQGASTR,0.20613525481115966,0.24663837521668058,0.26842186553559527,1.2139750202391382,1.3449950792256373,0.5903889372884011,1.1685253717611985,0.6754828285689578,0.9901091612202314,1.228371868522803,0.8065879638808379,0.16784903270777887,0.20608815803511904,0.1741026205057548,0.36803709570139426,0.7673202785247717,0.9602690986474388,2.6608057894274735,1.428434339243681,3.8924283193138316,1.8026997086044232,1.609626529470109,0.22270730354758342
ICP0,P08393,IE,YLPISGVSSVVALSPYVNK,,,,0.6871022979699727,0.7011242083479597,1.0522400829657637,1.2258820366819294,,0.7912941973375416,0.5902591801659067,,,,,0.810231906631863,0.3762660085707243,,2.1051826568976297,2.2180913712192005,,0.5539488581972294,0.8883771950142797,
ICP22,P04485,IE,APTPSAPSPNAMLR,0.07413311041414415,0.09682197564196918,,0.8511880044300545,1.2321579274416388,1.4875236403551104,1.4906567671390778,0.8394814932156927,1.5400722735689447,1.5433974119503422,0.9297484715884407,0.04316998924926452,0.053180363312709575,,2.5585529597118697,0.6429349867034819,0.9806640587680957,0.9668105015082211,2.0983664166740676,0.8575689666753609,0.47854952076239193,0.8424841511367124,1.3925370097524106
ICP22,P04485,IE,DGVIFPK,0.02131911290809406,0.028964024195845848,,0.6305312538467825,1.1597825966732518,1.0233601255734084,1.7924371507579342,0.6100058219005225,2.7447980258128313,1.7144262002977606,0.9350927459720438,0.0371787848532132,0.0171909342071263,,0.9275564732457381,0.5598707881147839,0.718096807549937,1.9031825853155124,1.9712483464123842,1.137642106019007,0.7120736384444201,0.7560799593409121,1.5991625185584903
ICP22,P04485,IE,LLQVSGGTWGMHLR,,,,0.7525997550038364,1.1641961808038384,0.8507305914989907,1.7580359742352154,,0.18868833269187696,1.3961920342163219,,,,,1.8956107135638074,0.7320210594734204,,1.9994108842062084,0.5057589508946716,,0.31295972303528,0.4437958003765319,
ICP22,P04485,IE,WTPDLGYMR,0.07170472461494028,0.05052402076495512,0.09377209185795513,0.9319136774460889,1.407867945489557,2.0446071899961535,1.8545875174506719,0.18480821911549228,0.8521878089627192,1.6693457857150586,0.6185234409513763,0.02780425198360844,0.0554249181476851,,1.4932131420143704,1.1696500324284416,0.7438242892491216,1.977453118721291,0.9261166348710301,0.9614054762516326,0.6011160862608285,0.8664831451325992,3.3976664825744223
ICP4,P08392,IE,ALLEPDDDAPPLVLR,0.17057253486022847,0.19037694219709922,0.48531478474731876,0.8577309293262135,1.6120956868089227,0.45193581664764143,1.0312741603304554,,1.6187008836319638,1.2815066600633687,0.45759672781399924,0.23321059629610547,0.23293749078149395,,0.3017878497845915,0.6684233414772671,0.45955209376959094,3.4935160158374057,2.081691750803627,1.5372583923278418,0.8725453736158505,0.9016939675377654,2.060278001341249
ICP4,P08392,IE,GPSSAAPAAPGR,0.3390852019431272,0.23283839396886302,0.27594002663649425,0.986416854372666,1.223662527942257,1.6480328579786934,1.1379957038996076,0.8170013331250089,0.5073554088299455,1.0886458198533862,0.9629733471385686,0.18987261301428732,0.2690046898664451,0.2142494478586944,1.6452726274451224,1.0707242464704865,1.4224012226645493,0.9500088603482466,1.3226751527267406,1.9503805577534499,1.733955576067911,1.6544534652722145,1.3570540648232352
ICP4,P08392,IE,VAGGSEAAVAAVR,0.36650954345166864,0.26640637103808673,0.2911968421726855,1.2174984042645018,1.5029314353670677,0.6253957174483386,0.3233464948788166,0.5215883133375188,1.806139366716802,0.841594110642904,0.9280761656175702,0.20489191894103573,0.16292747475596264,,0.6060818868098286,0.23761495655919032,0.7544344698916464,1.4641723954213124,2.9596323685802273,1.2877636853330006,1.7093107669465117,1.7055467881777446,2.2169405236475774
MCP,P06491,L,APPLALLLPMQR,0.02147488237326033,0.022976897778713715,,0.5008724187976128,0.5970978087561278,0.6799101135316822,0.9856142808631927,,1.0043454856272405,1.1008228729074663,0.24872220706098447,0.014105174758258468,0.0199015904285688,,0.5056938499661454,0.4792958927445046,0.17620846618580197,3.0611166347850927,3.343234688404441,1.9007547172310926,2.212481440160708,1.4510559681169855,1.6743146095221215
MCP,P06491,L,LFDFFSR,,,,0.29243122796589405,0.3755690433215106,0.2445225654796742,0.7219452477199974,,0.646466211139809,0.3878307665154374,,,,,0.16404004161493793,0.46510839640412766,,3.087739116062775,3.219707206044358,0.9026560912828011,1.5648008377369091,0.8298393399945687,1.0973439087171988
MCP,P06491,L,LLQSFLK,0.043952826356286605,0.02861420993318674,,0.44696038305259544,0.6629833169318313,0.6310940962104967,0.816541184924032,0.06571576598598614,1.1358495695305564,0.7974933001604156,0.6089379334850036,0.021969151388799926,0.013245212661675818,,1.0771385435103307,0.3016001716471822,0.66841378614852,2.5774722672563124,3.538114083294747,2.185449936946478,2.065563162694622,1.8414085204469293,1.471482577434013
MCP,P06491,L,YLDNGR,0.044308499923447944,0.04385204676430734,0.027980585841511953,0.6559718864235455,0.5783213850546303,1.2249085152784636,1.3747314702708928,0.6888963861587014,1.148497881112745,0.815382391802682,0.8123382288363168,0.03702832761871435,0.03831363152445644,0.03166172243799558,0.8834894450559441,1.0513552556730295,0.9975730947153004,2.070569170249086,2.0123614427789844,2.4974397006510967,1.9352262743380544,2.0856823761310186,1.9441102813590774
MYH9,P35579,normalization,LEVNLQAMK,1.727629009994326,1.2710549128301516,1.7865688319482447,0.8318778606754897,0.9685702220294482,0.9767397243203949,0.7283048412017489,0.42306272266291645,1.0073773944610964,1.3212621225115877,0.37043860473424356,0.8433275956166468,1.3987632571989765,0.7359915572324659,1.0460386714155214,0.540609207009077,0.7354339420517017,0.87394940673688,0.820337820324599,0.4678480986360906,0.6930603367796438,0.9510976168944116,2.4806562427343364
NEC1,P10215,L,SLSVPLVK,,0.01659739007162406,,0.40757944167412213,0.5149641514777911,1.2816299984948105,1.090033391049642,,0.9089579154880397,0.8753570602365043,0.1673310625491032,0.01464290355484059,,,0.7218877332734386,0.4989692358641063,0.19728750551775368,2.39463937830761,2.6783460594148654,0.7404101164905077,1.2706626292071381,1.3257327118854672,2.8949713154426355
NEC1,P10215,L,SSAAGGTLGVVR,0.0167619900860518,,,0.5189157055294121,0.4649650619826429,1.0593040634689166,0.5904051465953795,0.1654048065870304,1.1286644137405177,0.5415797147219727,0.43483684815136725,0.008219166653206461,,,0.8662765384121318,0.40214830240382965,0.25482588864380695,2.524776310514831,2.6118074616292826,2.614689847937193,1.8770818115949326,1.3890943126668929,1.5302426086806025
NEC2,P10218,L,FMGPEDAGR,0.042709424126065605,0.028949526868061837,0.05565060939235533,0.8838570686789747,0.9124484487863199,1.0972072100148673,0.7852755127138453,0.6411064902557093,1.2202353065492098,0.753653448550661,0.41884980413602335,0.029146608979340623,0.025609849065128205,0.019826215106571857,0.7398613908431771,0.443693463420922,0.8823437801661885,2.287100612610121,3.3175373154019128,1.578404080938462,1.6998823781982444,1.7328324351931488,3.403819020004689
NEC2,P10218,L,GGDGEAGPYSPSSLPSR,,,,0.3934820673015133,0.303719041936423,0.9492623605023842,0.3534195559806133,0.5019331139519324,0.5576551270050719,0.21727675933414797,,,,,0.7467420316971006,0.15068911163681797,,2.54696378028454,4.114095551066545,1.3284394109939635,0.8058946332093899,0.8607999800454521,1.1696274750541047
NEC2,P10218,L,LIVPSTLR,0.024673743343350336,0.02898189697532457,0.0677118946111947,0.6136826436283369,0.8357956371213426,1.5646912298793283,1.0270958342251584,0.12479148257951383,0.8615858170313963,0.8192608188775389,0.2501168266247303,0.013985933787021081,0.024934509293264913,,1.134546080751944,0.595893909885071,0.4760590247043682,2.517110071392872,2.964825242578349,1.9054003808850202,1.2697244801857515,1.7032121510439506,3.175920390595172
NEC2,P10218,L,VQLAFR,0.05524764299116865,0.030860733357500968,0.052375141682825706,1.4214797198130553,0.8509841683637441,1.504908467803807,0.8535625474240607,0.2821747571753257,1.4366707712830336,0.8197648658740113,0.5189444682517179,0.017366197298280366,0.015477621870942418,,1.0572103277197191,0.4388560892667145,0.424317352033452,0.732607331902062,3.400720067728442,2.451280554104402,1.7745095411888736,1.589773906114585,2.270907726752277
RIR1,P08543,E,ADGTLPASTLVR,0.1791519059134455,0.15829526111635028,0.33078256764577313,0.7943922273018679,1.0913860884621804,1.2769793225413233,1.3075510261831338,0.3696148343455771,1.6712597462913397,1.5792297435966247,1.0852013134196243,0.159046353426848,0.14391711943617144,0.10482719910179916,0.8778053593582139,0.3977559352783981,0.7252582126111773,1.935965235833598,2.0211823814200387,1.3096351743447714,1.1053998493333625,1.3006824445071017,3.0746806985312776
RIR1,P08543,E,DGETLRPNTLLLK,0.126210221819204,0.16488897396866506,0.220831654357328,0.6718648620661978,1.0501983626670328,1.53821142227332,1.27693998470009,1.0354662333004745,1.5090950202717524,1.3874246929725975,0.3916865175481314,0.07072106347054423,0.1826944093201719,0.10192126724567817,2.15514935278872,0.5377440163925609,1.0716696966013664,1.236170024201436,2.002421985800777,0.5423526882160369,0.6925780331088249,1.3976875741781034,3.636071942730984
RIR1,P08543,E,FLGDAVNR,0.21064303359223446,0.18408873502671677,0.34306170571588585,0.9008438604655787,1.2368078469073556,1.2620177421578063,1.11783372130691,0.6261169379893623,1.962557350547597,1.4301707329713165,0.5235452524911485,0.16655301902192546,0.22747635931463095,0.10831446815043076,0.7403708731754661,0.4684114643505942,0.8036700146503215,1.4552281810073173,1.9761324082961427,0.955667303427569,1.3017859400320744,1.3590787318263324,3.6396243175752825
RIR2,P10224,E,LSEGELSFYR,0.23292713442666238,0.1090900175464078,,1.3240604984935043,1.1502913675132862,1.4623164212072242,1.5217701794846943,,1.8540148854465681,1.9216056018274164,0.8124835382226405,0.1775343925319985,0.113399047490903,,0.21634893379730158,0.4564650144844301,0.6440980719185537,1.594726772197348,1.4216660199842408,1.483219326108951,1.138070961899394,1.3057127516686207,1.0601990637498544
RIR2,P10224,E,VDWLEAR,0.1560163107387076,0.10476908644011845,,1.1129543877849553,1.371323082844373,0.9535281854182385,1.6090151337954997,,1.858164946767643,2.1016942396455343,0.6695139565745158,0.20023331423634644,0.15088899241416476,,0.7994512654665589,0.8127429846212892,0.8620321095400749,1.7597161708023157,1.1725994136904079,1.7474541231308698,1.1599354187852349,0.6769670665486129,0.7209998107545389
RIR2,P10224,E,VTC[+57]QSNDLISR,,,,,0.6726699096834269,0.17977357575942537,,,2.171699975817259,0.5364402424224876,,,,,,,,0.6468566051748361,1.7796428149332195,,1.0016698432484799,1.0112470329608656,
SCP,P10219,L,TYSPFVVR,0.011415360601619877,0.011119698508527126,,0.4502401417023744,0.41058036105809537,1.2372179366552813,0.9007007233061357,0.35098133351742883,0.9071296050156776,0.7475531308589488,0.22485803219832126,,0.011028369637268646,,0.6207346439591954,0.49847032152064025,1.3967599996942373,2.6754275468230557,3.630018831081319,2.2563663469242656,1.097834765242796,1.7905285640290645,0.7710342876657468
TK,P03176,E,DDIVYVPEPMTYWR,0.1471441012408699,0.14210248765932393,,1.0340814283290771,1.481849444942399,2.4565777496173697,1.1816571924930748,,1.76006024869662,1.7493753331381958,0.4937792124469585,0.11431264335680845,0.12772029535656604,,0.7288473430295679,0.4893291457133901,,0.9677288160947245,1.7525513343419787,0.8934272718778258,0.7912476696349628,1.0754147663550728,1.6127935156752158
TK,P03176,E,VLGASETIANIYTTQHR,0.17690865295250086,0.12253324395889842,0.35144106749340864,1.0361359506767096,1.1719734889917737,1.7468459013569022,1.4253466386410454,0.08419090349254307,1.621456556129995,1.6652715747728422,0.9239907495555545,0.12594016962138274,0.12122862138721283,0.08470602011895707,0.9416022153309832,0.4508681799641447,0.8996795416191312,1.3918009040057744,1.6801751492863433,0.7058168681368144,0.9593096499257522,1.3626031029977397,3.9501748495835916
TK,P03176,E,VYGLLANTVR,0.15023159691408014,0.14271436923015202,0.062127693670071725,0.6903168238542982,1.1405559297790357,1.9198943766625964,1.582904538947329,0.136518291716123,1.7805652095427684,1.3797416904367907,1.6214336626515238,0.06382960958649313,0.1352372577616164,0.08947651925305886,1.5428224109012478,0.913540640567863,1.6681434028835418,1.309969090150953,1.1046566281400607,2.631859834817773,0.5423708823875628,1.6006489451371515,0.7904405950079061
TK,P03176,E,VYIDGPHGMGK,0.2118581375305449,0.15992765692801733,0.1913254738698211,1.0496434890523585,1.347538343101791,1.7112638581529933,1.4600280694275678,0.5417944719930896,1.1553284186110298,1.8617616018207033,1.231854836935604,0.12172072150104897,0.16801192430975725,0.13461620345590636,1.1796254359673357,0.7781718444932461,0.9706382907883219,0.8673557636699044,0.8465492902361492,1.185237311554137,1.7032041755147846,1.3780112696827673,2.7445334114031206
TRX1,P32888,L,AGTLLLALR,,,,0.12163890565501441,0.3004106271426808,0.1956093361195543,0.3894150115065516,,0.8305174681345577,0.46909935363268457,,0.0083060231199163,,,0.42178890221876114,0.22887235994095345,,3.3249166811248956,3.116087974413659,0.5784107081278441,2.097222683627301,1.4961146733634705,1.4215892918721558
TRX1,P32888,L,DTAGQGLLR,0.024243351791980162,0.020723394864941926,0.021146869678551308,0.4141027875043409,0.4286165007972489,0.7025543597174593,0.6275161299185034,0.2771726038842591,1.3728466691332082,0.781912222404031,0.19846226881311513,0.018774211175294032,0.022529261637370155,0.008230714569535422,0.5170317660163491,0.3768105671566951,0.45441332790642514,2.475617298568802,3.1936419256642203,1.0735028071843509,2.4748295560925664,2.5482499975569888,4.967071407963763
TRX1,P32888,L,GGAALIGSPR,0.024602173548682743,0.018346664891144948,0.01965238962174995,0.4408678331421695,0.4271796843166215,0.8788640674608823,0.41215502596729897,0.28000177057458814,1.4037419912402505,0.7370812317800476,0.554370177778091,0.016448454803218188,0.01784480010332705,0.010544430782051393,0.4380718316384764,0.2992594686177983,0.511467597924236,2.310971127361234,3.3745326981692005,3.4168699536918585,2.486432520805087,2.7136004261545605,2.207093679627425
TRX1,P32888,L,GLEPALER,0.03076247138813131,0.022049300893462534,0.010446791017482955,0.4605244617672916,0.38552331613478125,0.8734280655479161,0.5319630978861718,0.5821611589255377,1.224934534175043,0.7235811327595989,0.6342152849510784,0.02075156017113234,0.018386641816836486,0.035699314536998414,0.573012630222732,0.3152885058884479,0.9390205054712226,2.4778893276294944,3.327059340312751,3.2043630805041183,2.338696949098259,2.676148664307951,1.5940938645935618
TRX2,P10202,L,FPAVITR,0.0435116346133571,0.03633677570998163,0.04861986633157183,0.5451033645625769,0.5960910231446488,1.4789497300260328,0.8472440231257418,0.21072756144987984,1.2289517587448744,0.9185508805581718,0.29222484722056874,0.01296776331732783,0.030987274350166613,,1.2411826130875627,0.46161278889285506,0.6913151746893049,1.9698653062730982,2.9201845267642192,1.0082061376725087,1.4794678293751695,2.188992707454216,3.7489064126361655
TRX2,P10202,L,FPVPLPSPLAR,,0.023587067274953237,,0.31584091771927614,0.6293496188307346,0.5325608307507516,1.0422259619139564,,0.656472669827911,0.9039733287055337,0.16874831307402913,,0.022854120285359332,,0.9160466226717524,0.6683878486208314,0.2651431129538702,2.1030057398072133,3.2541044021429357,0.8985136444566089,1.4760732192230956,1.4555176522256947,2.667594929515492
TRX2,P10202,L,LDSLDLTLR,0.01809863728079228,0.04948540431334169,0.12937329055227853,0.7583930943581524,0.8187046037589379,0.9756960834713879,0.8668085564935899,0.033147119321743274,0.3566617344185091,1.257958225491653,0.7948356427553357,0.05482507812166928,0.04982313781603667,,0.6423701377704929,0.6738166093047331,0.1511852208785711,2.5999473185364743,1.4364917791930332,4.199030377258339,2.594007916042522,2.846911683628676,0.6924283492337323
TRX2,P10202,L,VVFLPTIR,0.027590145611550494,0.03450487479379353,,0.3710681620109678,0.49350356035996573,1.1947576774615216,0.9472710867308242,0.2426553597915205,0.9733707353113363,0.7268227059766704,0.4894442251750388,0.005460047854874749,0.018354162287621115,,2.012552957639085,0.3937117441836369,0.7011141121952006,1.783860762990441,3.7541717770233327,2.2357612639319937,1.631339511120224,1.6316600886441557,1.3310250389062461
TUBA1A,Q71U36,normalization,EDMAALEK,1.7703648933146625,1.2368079930857347,1.7256704520314352,0.8784905197554657,1.0749060351822899,0.8810743716747594,0.6341085126277693,0.4266861119752909,1.4296336640493057,1.341794462640589,0.6506840516877389,0.69263002566274,1.5242387253019896,1.3086685411052847,0.5925721022707033,0.4622145234259756,0.882581069863482,0.6682460404900709,0.7468804439771651,0.981172636543134,1.0869883827822924,0.9790493037584872,1.0245371367936338
UL12,P04294,E,APLAIGPLWAR,0.06415789929941021,0.048879519735377394,,1.3020972671026956,1.3201400388509907,1.0627105500787446,1.17298699200307,,0.76154597241156,1.6492290529679945,0.45108619249846205,0.03767499021307513,0.05034881269451449,,0.7067889360423302,0.8451274470590604,0.5460431953453019,2.2576958038112047,1.1543861676965586,0.9756797319089654,1.8073285810409798,1.7589019689924346,2.0271908802472707
UL12,P04294,E,DIHGYLAPVPK,0.058670168501369385,0.05981886395113414,0.09209818322624816,1.2473786678280936,1.3292782494518705,1.4329750029275348,1.2882161460168577,0.3898348604128684,1.7413336392328054,1.2232651887265507,0.9182992619576921,0.05211688066699753,0.05157965500687569,,1.1611998754325417,0.7766414778281109,0.7874636470846705,1.397796744764487,1.9849872785955747,1.3433416385615713,0.9085290206461699,1.2862131404230255,2.46896240875695
UL12,P04294,E,HTISPVSWSSGDLVR,0.08873018729874006,0.07267157439921168,0.27622046696504027,1.1440576178836739,1.2032961454180868,1.6462121649289616,1.291760972293799,0.7273032245808695,1.1296290396781958,1.571266887331742,1.1278770253809616,0.05918871488772843,0.08042677818512839,0.07377767010194189,1.3599899939789546,0.9000450501154109,0.984064301120755,1.0792572513365488,0.9433789871505952,1.9101894266120878,1.4929350300071966,1.937153605106026,1.900567885238344
UL12,P04294,E,LEDGAGALGAAGPSK,0.08691663172717239,0.1035323806973557,,1.6733549545126691,1.5364867186602764,2.2459831036501594,1.2359301495554094,0.7266485597960025,0.6645449576832344,1.5947550307858804,0.5123096833788529,0.011066656604792231,0.06395683949627239,,1.2942641606587033,1.0391213544060522,1.836479016127937,0.9964443056129134,0.664908549852047,1.0618379810206118,1.0274252295503556,1.7613089765467072,0.8627247596765959
UL14,P04291,L,EGVSTQDPR,0.17716623417000185,0.18781064019346208,0.12094585996126422,0.9263446840978135,1.0698851006588055,1.1204646228674493,1.1203756529207864,0.926897947378759,1.2913196914539071,1.0413273162538301,1.1568892876468613,0.15521376756002955,0.161224693982006,0.1371434891665188,1.2249913925166267,1.082211187509069,1.6845855777565406,1.586261967371742,1.674547720272722,2.1380132543405046,1.51823763996243,1.6626176882093187,0.8355245837495514
UL16,P10200,L,IVNSVFVWR,,,,0.5986327076090133,0.6641805935821798,0.8072657201135612,0.862789933232165,,0.7254030309128717,1.6119090323132137,,,,,0.20762420284105398,0.3678282231682191,,2.6119984502657725,0.8099902074732186,,1.0490758882577274,1.683302010231003,
UL16,P10200,L,LQEVVGGR,0.03363821504738298,0.026221182228181584,0.03651858865173258,0.6080027608458767,0.6537624250047018,1.154183885145727,0.48569347492346615,0.5215145016217364,1.9151096920074608,1.5321481256342326,1.1027941216604633,0.03270656732472191,0.04100689161390045,0.029279444076551864,0.4622336355182331,0.18989326682382562,0.7398542729723779,1.7661373565387781,2.3606308950349146,1.8952951777337557,2.02798788757182,2.7106437387367768,2.674743893283383
UL2,P10186,E,ANVPPPPSLR,0.20690128231242086,0.18873960963684772,0.10484665823865329,0.900350529487137,1.243890302938926,1.5122336755305579,1.206092612882153,0.8377801636960633,1.4310285512800331,1.796233656498058,1.171770019882313,0.11853425603412608,0.1905542533184064,0.2365581763964627,1.2513257203596253,0.7827531556733145,1.2496634070933301,1.2179119011988497,0.8693564603094899,2.224917872383451,1.3617140837972515,1.7223799487428042,1.1744637023097269
UL2,P10186,E,EDVFSWTR,0.18892957589633763,0.0712044277434642,,0.9600593720285715,1.5783701605247646,0.9274298403050095,0.8931175021534509,,2.1669162497395265,2.046279050354197,1.0,0.12443722127953376,0.13586173400048712,,1.0780571466201083,0.43268654589411676,,1.5182640001755316,1.5711304114268945,,1.0359065939553807,1.2713501679026242,
UL2,P10186,E,FSHPSPLSK,0.1746896890229823,0.11832649214224149,0.1688822686765702,1.0386472152545945,1.3645653544540173,1.2559885789255414,0.35830353491046,0.6928719391458792,1.9483941775209304,1.7862295460723943,1.315200033334799,0.15557471748811572,0.19085164306801022,0.13193102699761747,0.8231647464568627,0.1347899902281343,1.4456372518576242,1.2280786484762656,1.90799966341069,1.1246276306394993,1.3754622268547085,2.138933775714052,2.1208498493480104
UL2,P10186,E,NVLAAVK,0.24805380482733563,0.15493229208394746,0.15627725414458352,1.1191578435057048,1.132651947671349,1.2975309887025563,1.1610875103053888,1.18648880866387,0.9976026778945554,1.5648156923841197,1.2302832947809532,0.2607721381555616,0.17627838266463544,0.24441586854838546,0.9260367109284433,0.8954355649119935,1.3578469063495269,1.0174365302280326,1.1549552455297425,1.6732209660768447,2.1334093057578096,1.7598433644488232,1.1514669014358367
UL21,P10205,L,LFGSAGAPR,0.05092176224866775,,0.03042291670362443,0.4387710716499614,0.3252376456457741,0.8013750883665733,0.46553035289508893,0.45585969012877814,0.8147081118396632,0.9590428648782013,0.8865457820887545,0.03886305927084982,0.028980362499844734,0.05873112209962151,0.4695810815519056,0.32079712618285067,0.4991540241243829,1.4580019186456503,1.054217206490963,2.1789377921975164,3.927777906426729,3.8461944414072784,2.890348672657321
UL21,P10205,L,LSPFPALVR,,,,0.3048923271329929,0.30268686799003564,1.0145329812848671,0.4391536193818045,,0.7787571693828992,0.7678454587684824,,,,,1.0535770175786665,0.1272941804192372,0.8525059151490888,1.19017108475026,2.2390776378008526,1.016863557076429,1.6580694198703143,2.1239422356395874,1.1306305277744821
UL21,P10205,L,TDVVITGR,0.03339922733481736,0.031173562788729476,,0.29429996230384176,0.37030326168219224,0.6423687360576049,0.5394759198383148,0.35411164822118524,0.6248362260326169,1.0044250614505073,0.46989134090247053,0.022703130959406553,0.027866583665119814,,0.5121533070744458,0.3576921583664972,0.44318148815931663,0.9666513016605116,1.2775611411364802,1.7302068419932042,4.903588108576755,4.391502311072158,2.0026086807238226
UL21,P10205,L,TSPGVLISGLR,,0.017396053006351157,,0.2612885544237642,0.36510400922089326,0.6483494769620199,0.5455169508745948,0.0831841690294812,0.9372817908721502,0.9597160374218201,0.42699448487867325,,0.015461573184687672,,0.41320586281209976,0.22322339032107777,0.5461286748238298,1.8456537504274195,2.4918085203682203,1.453122771288127,1.8942205645025454,3.381773465602355,2.490569899979888
UL24,P10208,L,VSGNITAVVR,0.10501857848778866,0.08349041122124541,,1.1605259019741825,1.3331620128800257,1.4952222448483539,1.3949934172021867,0.5510039987032723,0.6680042440444921,1.048239034002451,0.41326772089065966,0.03832021728249973,0.06242894325081552,,1.6798946348512762,1.472338927752306,1.5193168222321745,1.789384376665759,1.1445001053918127,1.9198225216298053,1.0636298018456487,1.4608471482991559,0.5965889365440888
UL26,P10210,L,AADLFVSQMMGAR,0.0325795009116264,0.030460933727465753,,0.7119900277568036,1.0059883133097864,1.9055498975961622,1.7817420678942442,,1.3936699709343257,1.1883279834555283,0.2760563964545103,0.0369533225958535,0.02020856251377108,,1.170514237427332,0.4470849606181006,0.5791982676111036,1.774732442616772,2.335345666707912,1.1819347049726563,0.9740106001611244,1.1908415117731919,1.9628106309617297
UL26,P10210,L,LGTIVTYDTGLDAAIAPFR,,,,0.33164151844072315,0.44488857000395754,0.5900787684011796,0.6607657374329067,,0.6190581878331353,0.8035517914632602,,,,,1.073644071284448,0.32638857451142916,,2.1212520175940544,2.193886761271359,,1.2643254364464596,1.5705185653170883,1.0
UL26,P10210,L,QAGGQPAAGDPGVR,0.012569163649796452,0.005168974558085532,0.0028186832713424054,0.5308350007688405,0.6837208805051194,1.4447520180795228,0.6568651664541599,0.7045825216430948,1.4252965268234679,0.9027997168386971,0.8657995352774477,0.010202121333573708,0.009972197879053193,0.007098046526660591,0.6453865784847651,0.23891543062258808,0.6135128874295304,1.9415095695058922,2.9145688095583173,3.7739334036223298,1.9894490213541411,2.58798882358398,1.032254922229594
UL26,P10210,L,WSLVAER,,,,0.44310481682630193,0.5177581464707566,0.5828271014631521,0.6612832252201026,,0.3396993429839962,0.8493434331521458,0.1794684645911899,,,,0.38641516102898654,0.621616338939762,,2.2655439784007037,1.0202863484137366,1.0413143968971366,1.98240959929686,2.3297125078034964,1.7792171385116735
UL3,P10187,L,GAAVASPDQPLHGGPER,,,,0.17598826911111087,0.17911087783129162,1.0689237557325642,0.545704734293992,0.4498559408096152,0.2911279132214278,0.9326729060876204,0.3806660295422606,,,,1.0170018227587692,0.43798654862013126,0.9367375040736793,1.2573935199550865,1.1301327642108252,2.3834445127481994,2.189564719221042,2.7743921689561386,0.8492960128262457
UL30,P04293,E,GISADHFEAEVVER,0.2694410161483947,0.18548866717696325,,1.6633954908980686,2.183368763790583,1.0818651866521527,1.2367871449376846,,0.716592583786404,1.3981339340253125,,,0.20229133516176084,,1.1101480893562454,1.2731744462335333,1.1999179844335623,1.6798194452657056,0.6322363478813401,1.3717443846845918,0.478738187893028,0.8885193607928218,0.4283376308818455
UL30,P04293,E,IPQSSPEEAVLLDK,,,,1.993686975214176,1.7154585444308146,1.0963858230415353,0.9676520962501153,,0.1747729151171612,0.9565323288170111,,,,,1.6961209412325722,0.9292964217110218,,0.4837485987095674,,,0.555284746684988,0.4310606087910372,
UL30,P04293,E,LNAVAEAVLK,0.32223085337634894,0.16020591153487732,,1.580607077637149,2.010071808884812,0.9180834082003333,1.1573318717875412,,0.6451923968982027,1.312931014704366,,0.12549406825057421,0.20310005330969497,,1.4294968112212219,1.187049717839465,1.2571556936214225,1.8139096117654703,0.7605917399964656,0.4335919210445752,1.1649857726507,1.2087178819427782,1.3092523853340021
UL32,P10216,L,ATLVGSFAR,,,,0.4430062065645131,0.5986576264191227,0.6805780788670883,0.7847939868356805,,0.6200599354770889,1.2816230911507784,0.35998763027945746,,,,0.9093296912850732,0.494591943217811,,1.7728893949554037,0.9778685468451186,1.368641909764821,1.574136692850833,1.8624648055314896,1.2713704599557216
UL32,P10216,L,TDGGVPGR,,,,0.4199491482310317,0.4505227450041536,0.5408617081317963,0.7433260585396686,0.30074935300037114,1.0750700527973822,0.9067706827183936,0.4142616487286446,,,,0.48957884422052483,0.5877749202250522,0.5826854471631281,1.664729885563262,1.305163098645572,1.1849757415547304,1.8098103610560035,2.00644249486716,2.5173278095531257
UL36,P10220,L,AGAVEELGGR,,,,0.05531812014972645,0.0653617560214927,0.3509065083467483,0.302939418527158,0.22660412908847055,0.3890034303240069,0.6658090001448481,0.45937780829081365,,,,0.3933733465605387,0.2763308257257486,0.5414857908248651,1.3178894475946912,1.507672889365349,2.2029394805457807,3.4935091470242887,3.1818861102154035,1.5695927912500698
UL36,P10220,L,LAGGLLER,,,,,,0.28642581459557254,0.27052189283906336,0.20197098941095634,0.4110329749479059,0.6030933886353718,0.41902374495391786,,,,0.2195476266376169,0.2522739023839515,0.32316776189588026,1.8307674474323812,1.3552762835467715,2.5150641956542668,2.252226136386523,2.5188345325948425,1.540773308084979
UL36,P10220,L,VLPAFSAGGPPTR,0.032417283574352716,0.024214188631277198,,0.07465490774552379,0.05597118518652253,0.6246726038699268,0.39454579582028937,,0.5243530887299881,0.8519348156080604,,,0.019571615378832175,,0.8037055796697263,0.38491308161669274,,2.944730565396326,1.892480143870848,1.2952705929756603,1.9954659710141551,4.376369173887477,0.70472940702434
UL36,P10220,L,VSGGPGPLVLR,,,,0.04327676992260541,0.05905855176052243,0.3398710054975439,0.35424661055562073,,0.5153532811623345,0.8437575426540596,0.29047393057057913,,,,0.44840018078608274,0.26468116118506424,0.35284933327141443,2.5372113092204285,1.2520961166113236,2.0639009614781147,2.1158874534110055,3.2261600172334095,1.292775774679892
UL37,P10221,L,FSSGQPSLLR,0.10588936396182892,0.06396419950990248,0.11872165374157638,0.932023585937201,0.9180084008807244,1.0811739237460969,0.9902592647964499,0.22358972088437612,1.425128715667434,1.257385435042532,0.5531437683628642,0.05926038941623334,0.06312021698844615,,0.6191978321082287,0.44533882144885495,0.31610443331305743,2.1079324128852233,2.3810055153603793,0.7611344219206445,1.669393776277755,1.8809181459727113,4.027306001777481
UL37,P10221,L,GVLQDLAER,0.10456915630186227,0.06838019588564412,,0.777246919496396,0.926613478793236,1.3876491161353486,1.168473377834876,0.5168236175254342,1.0762960364638963,1.598660143979608,0.41347981733666783,0.06474032139774236,0.07057956628822469,,0.8131189193082059,0.7815912256890245,1.102065646843214,2.3754966896399807,1.4043832370444371,0.588176794993552,1.4008828412565681,1.9813187744849494,2.3794541233011324
UL37,P10221,L,LGALITLLEPAAR,0.05509727832027522,0.060690519475012,,0.7297641460700791,1.026452195558022,0.5072370748652951,1.2132310619732467,,1.7547502739194303,1.6064808735780591,0.3945202543704098,0.03643782831748259,0.05945928811684991,,0.5489454401353226,0.4391751304422024,0.1155862969113265,2.3831429432782256,2.224281677527985,2.2405532765191967,1.98462501509389,1.3702292533286242,1.2493401721990667
UL37,P10221,L,QLEDAIVLLR,,,,0.44810102158944753,0.7581321555403422,0.3193230474970973,0.8515449008944602,,1.1631700152925666,1.0638819858515063,0.5498927920855075,,,,0.19665802135523072,0.2480496821987797,0.4297637825979466,2.952146693800216,1.961665382414254,0.9680926770930172,0.9206012004654427,1.1167258931006576,2.0522507482235284
UL4,P10188,L,ASLTSALPDAAQVVHVFEYGTR,,,,0.42289316591071585,0.5729466105404509,,0.49405817895139825,,0.8987906063726592,0.9702988660962224,,,,,0.3590928749490285,0.319231805758332,,2.3333400224482013,2.1898991633153946,,0.9858833303193957,1.4535653753382016,
UL41,P10225,L,FLEQLR,,,,0.5159629292291635,0.8343773120410325,1.0805274740454316,1.116170409508529,0.6610708821716602,0.920402496239224,1.2931229098066346,0.6272802027710881,,,,0.6895401906247549,0.7546787692260184,0.5008359407087895,1.812534534223848,0.9691602232305481,2.210812974348462,0.9810323756375783,1.0324903761872384,
UL41,P10225,L,GTSLASGTR,,,,0.6836789588571578,0.5980833252716229,1.3072357746447267,1.553906862348144,0.8326905769527567,0.8020436440868625,0.4805158971283879,0.37521800181937864,,,,0.9692065323099016,1.2688617179540866,1.0904898529691904,1.468828867543416,1.3217479110605377,1.7483650931436812,0.7690062225579356,0.77688428623722,0.9532364751149925
UL41,P10225,L,SLFPIFVTDR,,,,,0.3898873809181061,,0.8611562212175521,,,0.6945968608393162,,,,,0.40577928300949245,0.3875672113845269,,1.5942207169905076,3.0234019237070555,,,0.6433904019334433,
UL41,P10225,L,TQAPPPAFYK,,,,0.799853684989072,0.8370653062986675,1.3880009225255063,1.3272148563387247,1.0314749316146137,0.6520719242651484,1.1095482910172845,0.35285206671730923,,,,1.0623018721680484,1.0852707127550634,1.6174616093729837,1.5308228293181443,0.7244896825317445,1.5777007165368342,0.5669487667340807,0.9164111510585159,0.42051067575826007
UL42,P10226,E,DLPTGEASPGAFSAFR,0.011951573619270758,0.016039970852079265,0.015849799865751177,0.4901088807382021,0.76915274797313,1.0792994402263927,1.0261034472937485,0.5908953857507439,1.8580568174921492,0.9222173489080859,0.5098003267712564,0.008827061141757863,0.013808305632162322,,0.8397252603683678,0.5088347851774668,0.517167304939472,2.430145065012769,3.1694886981518335,2.472057911791292,1.2818859014010908,1.5743546960114945,1.894229270881484
UL42,P10226,E,EEGVSSSTSTQVQILSNALTK,,,,0.30422929663429166,,0.3025568741266597,0.4114651161781356,,,0.5717972245121107,,,,,0.8185972532336283,,,2.8876714163455697,2.1422163077376073,,0.686945159659851,0.8745213515721464,
UL42,P10226,E,VELAITGQAPFR,0.03364636080126731,0.017635316008237253,,0.7057218328308172,0.748155669118683,1.2095633698901094,1.1310002423288432,0.3799985597629742,0.7705874822357122,1.2592156084617732,0.26582886774325076,0.020099698483490604,0.02032212993510045,,0.9047621567198831,1.0468112727309964,0.8270166658022713,3.034763136608294,1.692353337557124,1.8644766798218857,1.320855962430426,2.0845064238592417,1.6626792268696184
UL45,P10229,L,SSGYWWVSGDGIR,0.07595927849010074,0.06659486035964012,,1.7113004789100303,1.8001568343283372,1.1136299702756627,1.5467339212193563,,1.3327538289224696,1.1871009688231005,,0.026675899753274307,0.04735313006346003,,0.9864456928865567,0.6639696997962509,,1.7131390600286573,1.9243343685571033,0.2963240485886774,1.0400957907332484,0.7637562168527524,1.7036759514113227
UL46,P10230,L,FLPLGGSPEAPAETFAR,0.041153133183438044,0.10736288641918808,0.1620458261741626,0.3802299186989995,1.4577536632842525,0.9852555950574605,1.7358689758310129,1.8463782552879302,0.4480746479839649,1.3283977655661214,0.05207598568341194,0.02518761001502103,0.13779394229133438,0.06253550545820416,5.170021332431675,0.8703324334731972,1.329444046732253,0.7710586408530279,1.5641643255517206,0.12099265744024579,0.1790191217764135,0.7983260075831741,3.4265277232237925
UL46,P10230,L,LANLWQTGK,0.1373203128863866,0.1274348784652404,,1.3032956623494412,1.324122037343439,2.164218554288894,1.770844584123189,1.4902493299613044,0.681805953876253,1.3572869511305226,0.4413386339403176,0.053326885639733985,0.11686075734880554,0.11502335291323915,1.2091882461289603,1.1821653522496762,1.497749974283467,1.5131243100318064,1.0190147538526624,1.5611491229999916,0.9377200747985254,1.1022706854864652,0.8944895859016805
UL46,P10230,L,TGPPPPPLSPSPVLAR,,,,0.3513139400031644,0.9754382649595124,1.6672711217979945,1.5205702062319855,,0.709041358764617,1.4056763143395559,,,,,1.2839751211882262,0.5290414509523429,,0.9883984582459984,0.8054155021100055,,,0.7638582614065974,
UL46,P10230,L,VYEEIPWMR,0.11665016246627613,0.11061846322126172,,1.1636466002452233,1.5189009696816447,1.6102810201025841,1.7249284945890038,0.1278053168281499,0.8194552486816186,1.2971799998735942,0.40623743313405414,0.0787396231764132,0.1304713700826692,,1.3075420999722613,1.0199091483719807,2.0010931202443847,1.8481179933756426,1.0908348386513358,2.0049158441193926,1.0555672519799808,1.1071567155285111,0.45994828567401863
UL47,P10231,L,ATGLGGPPRP,,,,0.14886565638920835,0.1784756882601612,0.8565857213046749,0.6804046904934434,0.5137042766933365,0.5374427848703923,0.6735955858058317,0.35648749274449765,,,,0.37987830334055916,0.32241544540827693,0.3079646159723589,1.4368998115748182,1.4343179218751219,2.345269749032462,2.6403277225203468,2.710790668157165,1.476573865557345
UL47,P10231,L,LLMGDEGAAALR,0.01988247871149314,0.0164936477511593,0.012562911686360036,0.16813051693134093,0.17450336207464462,0.8861560507372102,0.8718363676207188,0.6908336926598969,0.9304777753288316,1.1929889394232467,0.48659591197982344,0.01244958873281749,0.019025218726991727,0.012794865543560274,0.43871770758242234,0.3649733503987916,0.3231919293849958,2.4236263873280985,2.039901692457619,2.7211069151325478,3.1205594946477855,3.320277421546827,2.7529137736128173
UL47,P10231,L,QGGYLGPVDAR,0.021757462121024085,0.020088173072457905,0.010488620359709143,0.17061291398036804,0.2081249961235472,1.0119108960231025,0.8586932393630509,0.5898655207193966,0.9153195338184918,1.3791309316274358,0.48819344560585237,0.015661744156344977,0.019111889789356608,0.013363296254582647,0.5069816709660725,0.37856181970014713,0.2800557561677291,2.4433127934288628,1.6111208516251074,3.0261645582315135,2.914442985505734,3.525168098698897,2.591868802661217
UL47,P10231,L,VEVLEGR,,,0.028976980885459993,0.11820223850246812,0.17860691833637643,0.20071547446026866,0.6185636918300372,0.3617956979370152,0.3603559570935839,1.1468737860982416,0.28933956102058866,,,0.01381235946695797,0.12062019714989193,0.36887398837045476,0.1871579919303594,1.5195225612438168,1.1362727549774732,1.6789285291742126,3.6805835715499713,2.5508088603874173,4.439988879585406
UL48,P06492,L,DGLGLYYEALSR,0.017852225792751707,0.025076319779938676,,0.3173875230946734,0.5611847326009278,0.7564053477513484,1.128039696221273,,1.4261840179323817,1.7317472413888244,0.22640872677699778,0.021490218605615223,0.017914298499459552,,0.35478979008499073,0.30612349933948846,0.12022927933392138,4.175437191685308,2.7211629237424475,0.4896494963603028,0.9304536850529317,1.5087512884276406,3.1637124975287785
UL48,P06492,L,EHLNLPLVR,0.030673463585852483,0.027277937789463823,,0.3856544384255024,0.5403565375597533,1.4084443960777464,1.3241876599217086,0.22359587378413412,0.8906211467463236,2.116486489792315,0.4957831467274966,,0.034165921082294076,,0.8026354349318107,0.5335917399179682,1.027145428880145,2.127331975816425,1.3721986950328766,1.7397428396865178,1.3546391444163395,2.0517350189036208,1.5137327109217062
UL48,P06492,L,LSFLPAGHTR,0.06359236507658572,0.04208312978679284,,0.5179077728216593,0.5526749046376135,1.6191453858214842,1.2443964400476422,0.10809408978757351,1.3753299951772513,1.5409584910783147,0.7291078264131533,0.003611931488416322,0.036433834475949986,,0.8640956374737334,0.647510353260516,0.6863901007218952,2.1214616373583968,1.5951339634089625,2.6629475765974964,1.434855274782473,2.3408088833042084,0.8134604064798808
UL49,P10233,L,LHFSTAPPNPDAPWTPR,0.045903461519874,0.049952623226794224,,0.7643171489152574,1.143309331574156,2.316426464458053,1.9312204136775397,0.11594418403652622,0.832461723849283,2.0097828599160996,0.47362576246411386,0.022399154234487198,0.05114454806726475,,1.0955221792405152,0.7969202335845036,1.3133512858504002,1.8106719197845489,0.8223811550113238,2.5989257370997474,1.1122979479979815,1.1952888349423176,0.49815303054921245
UL49,P10233,L,TDEDLNELLGITTIR,0.03345106322908132,0.045195488357900104,0.02838640279731703,0.8360073778288275,0.9609686711423702,1.5823013427318893,1.6241572456744944,,1.1442270487880029,1.2875750970744582,1.9563229688256945,0.0251580396081796,0.04056728251100762,0.05205441842185427,1.948751625552007,0.7513464640324516,1.2247928516427222,1.6762135007469616,2.024217328582582,1.7178469850312381,0.7538900015150519,1.2659724226247369,1.0205963732811734
UL51,P10235,L,AAVPPSEAEPR,,,,0.7583037801623012,0.8169606647838206,1.772410313776275,1.0950261228182163,0.7638744538988721,0.43699638907134547,1.2425835898362292,0.7148970423503016,,,,1.011883615588061,0.6846397494131756,0.779214553531114,0.630226049034087,0.7804132732611171,1.4613928240912395,1.3901798523679303,1.3803765998874413,1.2806211261284726
UL51,P10235,L,SADVLVSQAIR,0.02661825458318547,0.026630308243034254,,0.8202428416697981,1.266646443122435,1.7838328259359453,1.5781207011226164,0.9416755669435635,0.7215241746667722,1.9196864614489089,0.5923115537191598,,0.030578708924959164,,1.4242761443868213,0.8532971547074548,1.5129185591749095,1.274845205589337,0.8518253079824719,1.2986921651631302,0.9486605531681406,1.473214914448119,0.6544021549992366
UL52,P10236,E,ETLTEVLGR,0.1305693694382724,0.12534869575562815,,1.4661176808181497,1.579335089821605,1.3385358456208378,1.1753619906168917,,0.6910374613188822,1.385303167782925,0.5444610948007416,,0.12907041470150302,,1.3192619832201604,1.100345385771765,1.5854220067127962,1.2779022468960737,1.1125456739831658,1.558730447402449,0.7765754126876234,1.392689581566516,0.3113864510840129
UL52,P10236,E,GAAAAGFPLYVER,0.18154085340612733,0.08885177444555356,,1.5593322536463403,1.3431463048229373,1.1690274176011852,1.3810835164838187,,0.45757265203065617,1.2871099862051183,,0.1680399868117073,0.1135256535975133,,1.3252384499827987,1.525857047438096,1.267624867350735,1.5565527601434115,0.8971327120326925,0.8099879557147643,1.5826956263777745,1.3632930049742704,0.9223871769345005
UL54,P10238,IE,APAADTIDATTR,0.5448837512371472,0.29974120688165007,,1.2914859583083607,1.6714317384804678,1.7677187764675508,1.0969643272120453,0.9143905137315514,0.38055657244455726,1.72192664197167,0.6329486372296033,0.04677623528836807,0.24617197500909116,0.3118417857963388,1.9584956155324658,0.7167202955327142,2.170602987320969,0.5295778981585395,0.4922456122659334,1.0224698327602655,1.480505192563011,1.7547982026464284,0.9477462431612724
UL54,P10238,IE,GSEQPDPPGGQR,0.2261142695877373,0.2129540729185791,0.14940051362667675,1.1240920982362126,1.241841316906072,1.4029315095619623,1.0109720782738965,0.8886263085781655,1.7833852285675234,1.3461125243744747,1.4723119571188892,0.18090270543629958,0.24329878121236023,0.18619343098720437,0.932399364076671,0.6342892874670387,1.5788133353378386,1.200092052714277,1.5401551939096458,2.114960127263162,1.150082771819317,1.7703767449379322,0.6096943270880629
UL54,P10238,IE,GVAEIDYATLGVGVGEK,0.28547714640428795,0.21185342556540035,,0.9199117403645162,1.2840474863319156,1.563965947139692,1.2889628491567695,,0.8193115922858701,1.999767209663839,,,0.24715505162091492,,1.145876283325549,0.6514684602165914,1.5222207180941953,1.5843328893924369,0.8133056727586548,0.8515778280348512,0.681124401087647,1.5034398446859136,0.6262014538709534
UL54,P10238,IE,VSWETLVAHGPSLYR,0.3203928737519917,0.16940731141106857,,1.7687249106545018,1.356400261031226,2.02533298518079,1.3301778077521544,,0.9879755252786186,1.7966319334560117,0.43557567530216257,0.07037041406897095,0.20131424732786513,,0.4961659200438756,0.7665692403749874,1.9454668371366557,1.4078665721303203,0.9851630406935529,1.2467316500106613,0.9231707988909321,1.3943361579531328,0.37222583755052074
UL56,P10240,L,LVAPPDITR,0.09073264614418934,0.09644508066183524,,1.444702215823644,2.0817008942463877,2.4620982934210707,1.883312698665968,0.8091548332162218,0.6804452527500647,1.2984758795835865,0.8447853143765193,0.03993647138158333,0.07507941053491259,0.06513775621855492,1.5577628812731041,1.181566705953325,2.0537874791284865,1.042142172831927,0.740132640214598,1.9019092877802721,0.6821800663744172,0.6432866901393871,0.32522532927994563
UL56,P10240,L,SFGPGGLLATPLFLPETR,,,,0.8677563770796564,1.8199772139853103,1.080683461469067,1.3428119324650014,,0.5302019103336139,0.7032819635198994,,,,,1.32736695953475,0.8444549925117518,,1.193991291582913,1.0577365073980778,,,0.2317373901199593,
UL6,P10190,L,EADIAGVAER,,,,0.8855296365520372,1.0608123666946343,0.9146374827213867,0.7142052105733037,0.5695100969693561,0.4623310963577087,0.625939253929121,0.3344804095578366,,,,1.6971478341171136,1.0858473378122147,1.9605765678285743,1.029294672717019,1.0149068123436094,1.598501343146256,1.0110592775347353,1.4982890186471165,0.5369315824979763
UL6,P10190,L,LIINMK,,,,0.5729172919677231,1.2112895239486816,0.7317407774089305,0.8098717435193238,,0.36690539011125006,0.820442542243433,,,,,1.945791566443868,0.9577281475631039,0.47385599026853575,1.6131982927394712,0.8398426522996099,1.5261440097314642,0.7694466813287577,1.3608253904258472,
UL6,P10190,L,VFDTWR,0.24000708032312895,0.11139484704928627,,1.6495540118034215,1.3825714340903965,1.0406877308018652,1.0102007888161486,,0.4048089133931927,0.938813000694133,,0.08858451557050351,0.11518155838008963,,1.5612221335714422,1.2497480884985608,1.611058492678577,1.7801136707018652,1.5222789791763303,0.6853352912471419,1.2350219438345802,1.6698113032950543,0.703606216074281
UL7,P10191,L,APLVYWWLSETPK,0.06478328258584666,0.04150202978719163,,1.0659261743667987,1.0554271159756434,1.25394300753811,1.4339689159055933,,2.532925482365102,1.8857160045929315,0.7937471139892752,0.0327900650972536,0.03469967619288374,,0.6967344477133485,0.4607474644182702,0.827037771787662,1.3764459589078408,1.8016936156564485,1.7043294530331534,0.9764515814256992,1.286245177471037,0.6748856611899087
UL7,P10191,L,FTATSIAR,,,,0.6702234519928659,0.7807440860769368,1.1488949315299508,1.0511386803591471,1.0636650465773432,0.7317346480370293,1.322419696127265,0.7446355275250376,,,,1.1537540432430085,0.6099008817798428,0.8986246969077405,1.078371099924474,0.8552348986999921,1.219904410019371,1.2170218252726708,1.3805617569568167,1.0731703189705077
UL7,P10191,L,LPGPPPR,0.06806935619800117,0.02924700693296548,0.020302543747228112,0.8476724588391273,0.8834425612744549,1.8233648228125567,1.5983397918199764,1.0582759219540199,1.0382825110290188,1.6852900341787638,1.4285996548564845,0.02672311199147715,0.03483521256923132,0.0472246583387458,1.2101922448995048,0.8911909064865012,1.3292274242100983,1.2474022877005233,1.1796300271373208,2.116369796893423,1.738293206529791,1.6980244596007859,
UL7,P10191,L,SLVEAAEAISQQTLLR,,,,0.7378640934527293,0.8873382179352398,0.8637012738605204,0.9421614783351446,,1.0874841318567376,1.2899080301734067,0.20121643763374983,,,,0.8787508606906896,0.37493541563694627,,1.6253944210448878,1.58813390562035,0.24387814815727402,0.8068052190944347,0.9175229522989121,2.554905414208976
UL8,P10192,E,AQLLAALADLGGSGLADPHGR,,,,1.6739645762760513,1.9056661274983373,0.7107875569348341,0.7778478333301425,,0.9362659379498764,1.0234466664417134,,,,,1.2584741692292536,0.5170724073626376,,0.9453103595853278,0.7759669653671698,,0.4751974000246569,,
UL8,P10192,E,ASWGPPAAPR,0.1269604651116719,0.0995135177120269,,1.5031600896688542,1.6443905974806152,1.1762884695790998,1.1346032444350815,0.7286930591061969,1.2914195400782444,1.5525714679075313,0.8324601609156251,0.1281117297241952,0.10159630268141165,0.09356403630682059,1.4915231374601576,1.204202668295059,1.5078435911263541,1.0177589370558466,0.798741272392046,1.884818694885788,1.2647776313219314,1.4643809290962282,0.9526204576592162
UL8,P10192,E,GPAYTTAAGVVR,0.19754542032880973,0.2572591079953661,,1.5892457551965096,1.8538757397071606,1.202429890835323,1.133720318327984,,0.7108103172195153,1.4565887831550706,,,0.22719568993136807,,1.529759476097864,1.2622752536371964,,0.922748171902431,0.5337857290601818,,0.8474609684195475,1.2752993781856719,
UL9,P10193,E,IIWGELFGVQMAK,,,,0.7171821858381509,1.5560714134063083,,0.6769290861596379,,0.4114259993849309,0.8125799547529606,,,,,,0.9004054367474187,,2.1641793490512864,1.6585928538716972,,0.7072124657256311,0.395421255061977,
US10,P06486,E,DHPENLGNPEYR,,,,1.0107877624553756,0.8639811052578279,0.951515577055159,0.8809160821644787,0.9992976364638182,0.5697280072197495,1.2527509978467153,0.5191888345174325,,,,0.9869915890515638,0.8292949504923556,0.9871221576880246,0.9309318185263493,0.7936397730571327,1.2636821994922236,1.550045245691802,1.3794170911814896,1.230709171838502
US10,P06486,E,LVHTQWLR,,,,0.72089295318071,0.6828168455005995,1.5840092546663624,1.0862834454578179,,0.9163819595293256,1.264761756884911,,,,,0.8136106188134455,0.8134663353434848,0.7624501477480868,1.1900552537553446,0.9016888813629276,1.2375498522519133,0.7750499600548115,1.2509827354502598,
US10,P06486,E,YAPLASPDPFSPQHGAYAR,,,,0.42268544373143296,0.6611067613233803,1.1285123633980183,0.994031745910164,,1.2835336950660095,1.0680790498560988,0.6720874306673488,,,,1.1815088651392343,0.8353405896890906,0.6171480883465768,1.1080895422066075,1.06062669833821,2.0337182379549263,0.8756700904586984,1.380815154883056,0.6770462430311479
US11,P04487,L,GDNDQAAGQC[+57]GDSGLLR,,,,,,,,,0.3964272919452205,0.5081376431150156,,,,,,,,0.600107285300944,,,2.0034654227538358,1.4918623568849843,
US11,P04487,L,GVPSAGMHPR,0.0016038494822930374,0.0035105297501307666,0.0015032426383058762,0.10231330649253817,0.08122672770850921,1.1098409575845811,1.5887472731021142,0.5070560970886097,2.320714271059798,1.4222467036956237,1.5015531889780467,0.0006083281599136162,0.0007479914689473909,,0.3100523903244954,0.4249394419943807,0.34414657862179715,1.8572597152515273,1.7080097769053242,1.9082906750931188,2.2976071816448536,2.7705715553749704,1.7374502175801212
US11,P04487,L,MISGPPQR,0.0036796253110091396,0.0021326571683546393,,0.09850292963687353,0.10456218229297103,0.7284495726860127,0.808947401618625,0.35436324345386166,1.097049439437752,1.9093854900592637,0.9424694022347172,0.0010669612317250805,0.0022460373698375336,,0.3467902507145197,0.3024325055162724,0.2920220572858485,1.3691147846823213,1.4587726680639468,1.537820145048724,4.3553464362997865,3.411521057910728,1.8733251519768475
US11,P04487,L,VGADTTISKPSEAVRPPTIPR,,,,0.23695500916467474,0.0730093215280101,1.4576040223197955,0.6929032925237412,1.7294005856718029,0.9284583898066069,1.1873052810326148,0.6481512194651327,,,,0.8442131386276474,0.26132754222417204,0.3255189135135768,1.1111461233252056,1.2165722866584983,,1.4216233167560701,2.568882276032963,1.2969292813494881
US12,P03170,IE,TGGTVTDSPR,0.07950567389492047,0.17046492331686258,0.08968998785885453,1.2740233731300603,1.9669795006836086,2.3227706524770877,1.6981061684492647,1.5561048580792134,1.8173549725549671,1.4247907918631695,1.1577684044844312,0.06707177871179482,0.19359555475756482,0.20128495077420502,1.6278587945355205,1.367880799628031,2.514751447393725,0.6164094705619692,0.7078077712732926,1.0009353600362771,0.1950052841336781,0.47037449002820586,0.4794649913732934
US2,P06485,L,DQPSPPR,0.01300204153140162,0.014404721191189764,0.01601804463426137,1.1881693709020222,1.003430920381803,1.4379220494042877,1.6606077384571687,1.1827881241442382,2.2198075305917624,1.7681455228166836,1.6339754069037904,0.01651461405784444,0.01801530289099915,0.015653601067990863,0.9996799108943888,1.0613170372798661,1.159413188705168,1.0366112386773212,1.3922008639491146,1.8028237078995193,1.088293243940972,1.0818778930331754,1.189327926645032
US2,P06485,L,GPQETDPLIAVR,0.012656214097379503,,,0.5494703749349336,0.984367314381521,2.496990393696575,1.5534876904260273,0.5436581767890898,1.3021968639675674,1.3542562918622498,0.7814333416772178,,0.010023155422914341,,0.8398378672512152,1.0976075225700557,0.6359313674608335,1.3553500667008294,1.0702277577699788,2.6864829998652406,0.4434982193514992,0.9300302675672525,0.3524941142076177
US2,P06485,L,TPDAWVGEPWAVPTR,,,,0.9336717745172919,0.9540337120927621,0.978272780132878,1.4579143334099705,,1.9111615228969567,1.2783161427499097,0.6981744585761895,,,,0.532944308599515,0.48116214681424635,,1.1123493446660477,1.4037450604150488,0.7299398783963823,0.5316002691873096,0.4248286045180625,1.571885663027428
US2,P06485,L,TSVDASPALWSFLLR,,,,0.6888071530627732,0.676906018146702,1.5690758489210215,1.4202946578585067,,1.0563013438648317,1.6967592795560589,0.817709151331639,,,,0.7579027313003617,0.40513843101037544,,1.5540539565161977,0.9260417779518707,1.1822908486683608,0.37385896633481447,0.8748598354764864,
US3,P04413,E,AGWYTSTSHEAR,0.11054094299050456,0.06658414131070294,0.07008748257079082,1.3359177939860005,1.3826303949263141,1.6959169291923364,1.4253834479782141,0.9636251686970523,0.8402076459378008,1.7150648541563358,1.189455896040654,0.07810833380295727,0.08260122652323883,0.1211771703898419,1.4218652128620701,1.1453769028848582,1.3980462475079658,0.8266335590399658,1.0022598123548967,1.7646463870294897,1.6908095821883646,1.1800992198654388,1.4929616477642051
US3,P04413,E,QLLSAVDYIHR,,0.07139237795513254,,0.9434874749303993,1.454098217484367,0.8627896454066486,1.2567177941554855,,0.2503457020462243,1.9245090011815182,,,,,2.2936605716818854,0.5661950648462022,,0.8630104587912455,0.806328163504798,,0.7867061471435968,0.920759380872496,
US3,P04413,E,YQADLYTYLSR,0.08388721513221083,0.04380287683147168,,1.2415579396948797,1.7012283199761156,1.638648269556375,1.4457325540488328,,0.8908990430788065,2.22590386795379,0.9225753898594814,,0.07136991626574611,,1.0668098522975176,0.786259548407752,1.287744899975698,1.3406690687344325,0.6881315535787836,1.432530970994933,0.7375286115057772,1.0375713629375078,0.3571487391698881
US9,P06481,E,LSDPNSSAR,0.017874295442804316,0.029119912128485092,0.018464234807944593,0.7431406004260868,0.7818812654342884,2.737025198553027,2.659496630799964,2.742725576142744,2.01161246653046,1.501860311213553,1.4186194260916973,0.011733201411470382,0.023458515768418342,0.021732475639599225,0.5630611707560147,0.7243145724492097,0.6529035870578207,1.1856775124184906,1.450114960815607,1.4284770369879396,0.7298755544616459,0.829753831390474,0.7170776632722541
US9,P06481,E,SDMSVPLYPTASPVSVEAYYSESEDEAANDFLVR,,,,,0.5381436674961246,,1.1772216867340881,,,1.2042320866265304,,,,,,,,,1.0804025591432571,,,,
gB,P10211,L,DVTVSQVWFGHR,0.807131581894143,0.4093326572478979,,0.748277980909046,1.1154754133682383,0.6227871244623021,1.1550779900857324,,1.2828396224917693,0.8836370811297659,,0.3983289454903028,0.342545029910738,,0.3156706499878248,0.3423481462632869,0.9013410435590893,2.7191864753802357,2.4103004447196605,0.958098711566871,1.105777619384376,1.3412832372746804,1.1405602448740397
gB,P10211,L,FTVAWDWVPK,,,,0.21203993215016653,0.4748428902427723,,0.71670192064386,,0.8433584125380027,0.537130037509595,,,,,0.06939482882894764,0.29044049143084644,,3.4085740213994407,2.8398159840436197,,0.4666328050834419,1.1410686761293067,
gB,P10211,L,LQFTYNHIQR,0.06850299550930918,0.07445121751411303,0.13972077195127902,0.8067222205743784,0.9794623669645991,1.4024360260441784,1.0609716794427673,,1.2227005043241828,0.9269812457696438,0.4371482621387628,0.04650916903013878,0.0666360904780002,0.06871011968479337,0.9679695617221798,0.5374223495001051,0.9539181829621866,2.2254034876071613,2.7811689153648103,1.185980725347172,1.2597560351884711,1.572906134965961,3.2145219379158063
gC,P10228,L,ATC[+57]TAAAYYPR,0.025308945103440672,0.02261202077231333,,0.15884979214008937,0.1858532574322811,0.996087584112233,0.6113528314978012,0.12848322084806651,1.5402962047069035,0.7224057456348857,0.09700676805592573,0.007972637043052679,0.01787858057797442,,0.32479200713250206,0.21443963374654773,0.15589053641907655,2.9754703636879993,3.5284831704196167,0.39329299691902364,1.9712224660737803,2.69697475991858,4.225326477757908
gC,P10228,L,DSVTFSR,0.029349012650146587,0.02557830967975209,0.021469270751061476,0.1954940394573402,0.20445689651002982,0.83844545866619,0.5417208508507773,0.5923582776467772,1.3387313233521867,1.0150314992303135,0.4909001701555725,0.019898564792839635,0.030017877710411468,0.014134203685030084,0.3992669107174629,0.2495985449543545,0.39865147708059095,2.240670966625265,2.499579077494674,1.5552974770612016,2.93814372373857,3.4340169435696875,3.9271891236197662
gC,P10228,L,SPPTSTPDPKPK,,,0.00738703163907765,0.2321812748943991,0.18758504148661057,0.8869110762506371,0.5916814429502957,0.9952839370181457,0.9048216161457676,0.5770483169749214,0.5710306340438387,,,0.008973829788650802,0.4867207275667914,0.37439174199350767,0.6329830973255546,1.7599739786162725,2.1890702963468343,2.900628639572761,1.7293913265261327,2.08022316024783,1.883712830611971
gC,P10228,L,TTPTEPASPPTTPKPTSTPK,,,,0.2620730312361139,0.16116842888266963,0.2564898942946747,0.006042471617197102,,1.2277934565910122,0.06571286353100994,,,,,0.15330269387986425,,,1.8099044862344624,4.033982419447689,1.0,2.2904364377638733,0.7330938165214342,
gD,Q69091,L,DLPVLDQLTDPPGVR,0.0428910890259309,0.028514192415768858,,0.6763753046898272,0.6908182973112507,0.7880582558366794,1.5163784196603858,0.3084522147632963,1.3580844951109232,2.9271226536406174,1.099341737623605,0.030154565962765837,0.04012568898866167,,0.2290137524658984,0.5724025612492495,0.5660076836707678,3.261313944624714,0.930873967954184,1.3844179826814336,1.6141085922832619,1.2937642187798826,1.6417803812608966
gD,Q69091,L,SLGAC[+57]PIR,0.029672111675511207,0.02526693888970521,0.022464928927120785,0.5176235436654077,0.6835257156973803,1.4356880442546116,1.3009661026146038,1.1464908500172264,2.6035376381538904,1.9841339252923627,1.0498941414570486,0.022978697928572576,0.031672026120596095,0.027338960679653457,0.5379527831081844,0.435530637492106,1.5108250900766713,1.5262760948385783,1.9793803412718214,2.069282113850492,1.3262710863752436,1.5595243126214258,1.1737039149917883
gD,Q69091,L,SVLLNAPSEAPQIVR,0.005095824353610587,0.005484947391688426,,0.17285719419908738,0.2874882194029474,2.1671321772654326,1.8155108998246834,,1.8651659654881672,2.8404928458225935,1.5860836877098483,,0.004882329697504953,,,,0.25775207847372134,,1.0461407578605824,1.2720984922869814,0.789748838693702,,0.8840657415294487
gD,Q69091,L,YALPLR,0.010254419445874756,0.012471750239929951,0.007742995487657006,0.3237126290051973,0.3591017631378326,2.034513582669003,1.5902815063027314,0.7495629521333006,2.891616874118917,2.2561449366893847,1.7535270120384174,0.005119193412706225,0.004917627198502455,0.0022247952109856932,0.4124763866298706,0.2350117310907774,0.18493926923815965,1.4255170870342972,2.2620948598521395,1.4892904660681596,0.8967898276841344,1.2799758254887015,2.8127125098233203
gE,P04488,L,NAVVEQPLPQR,0.018338209179723237,0.025747509380525276,0.03580842788533845,0.8366810570061032,1.0774655724368776,1.216955937633938,1.1961948686751034,1.351112866281123,2.7439351932777702,1.6323710428931701,1.0524829379580212,0.022975503576055493,0.015873012598590128,,0.6299181341107215,0.25491449086372575,0.688984604826717,1.7072202247254809,2.6469924004730094,1.066895909424098,0.8239757404902058,1.1504411026789978,1.8047152536247024
gE,P04488,L,SLVIHGVR,0.07499506208199691,0.04019230380453833,0.07448477282075511,1.2010558957536106,1.2750014646236163,2.042389844789017,1.7699938312839611,1.4461460373991188,1.0093699387319446,2.1106291393263046,1.4718286073360176,0.031441390865863686,0.042843553596584184,0.044392879063723654,1.8782646744856606,1.124209765075349,2.01568889583415,1.0153602737961165,0.8185380106666774,1.103030082302962,0.7471229194957905,0.8185919316229687,0.8444287252432734
gE,P04488,L,TDFVWQER,0.05432429445669599,0.03539453468250943,0.06841762200515386,1.0713036024549354,1.3306893136562552,1.8352060708681541,1.7020133405186249,0.4502238796891204,2.067792927132933,2.074833338310165,1.4120929702218195,0.03487903080093373,0.03734864360737955,,1.3312167086423248,0.7644542765913671,1.220225489709826,1.1460780408377191,1.4254095535695388,0.8907588102233557,0.45919932480630177,0.6298569990641606,1.9582812281507236
gE,P04488,L,VSVGEDVSLLPAPGPTGR,,,,0.7570175681414525,1.0765718198209293,1.7537460082546423,1.4174056291376917,1.447519698783571,1.6205275412617972,1.6536766984756424,0.9186693467980137,,,,0.8808156524944232,0.459275948643406,1.280386710721942,0.8222904310101079,1.0843902523989057,0.9832627520878199,0.16560279883757653,0.30867965152342586,0.37016149160865425
gH,P06477,L,ALFYASAVLR,,,,0.4700736343734704,0.560529019157224,0.8435495772599174,1.0482071120094207,,0.6683356339323041,1.3769361905901023,,,,,0.26313751225891896,0.42341833823980257,,2.238472825368718,1.1078914622370568,1.5201049361202368,1.516430816806671,1.4830178777663943,0.4798950638797631
gH,P06477,L,QPFLAGVPSAVQR,,,,0.5103400625976725,0.6063389242592107,1.4765635724646835,1.2520083432287787,0.8477923954510619,0.44519011962518557,1.198910162355578,0.87008101963599,,,,0.9271976765153975,0.6184736968001612,1.2821265849129477,1.9971250546480805,0.9206180507722297,,0.6435835141489799,1.4036508225840418,
gH,P06477,L,VFVLGSLTR,,,,0.6143403198518195,0.5870561772530472,1.536855210574053,1.1506770832713078,,0.41778668968413085,0.9856397109842449,,,,,1.0134381028738293,0.6085957813692424,,1.7343954397010934,1.9814563427644805,1.41109459222988,0.6831842373150733,0.6865749043576771,0.5889054077701199
gI,P06487,L,ATDSTHSPAYPTLELNLAQQPLLR,0.055565484526912706,0.05413626934043539,,1.2573479773851388,1.5601619686082209,1.7382097506094636,1.6171101991345525,,0.82295314557417,2.3247366007328845,0.6197627463708649,,0.04947564438232858,,0.9833096378794917,0.8174624443386956,1.5377141964902012,1.8525562332114798,0.812179090745067,1.0332446829477113,0.2900577708133424,0.7647377827178147,0.8092783741912226
gI,P06487,L,SHPSTPPK,0.059564126205291376,0.05191866204953856,0.06672284522651832,0.9335863606925926,1.2076996913419749,1.9142068646748358,1.5266504239850631,1.7743168294203224,1.8871197454084194,1.519933335916999,0.9711517636137997,0.09807567796498508,0.06732390655624527,0.0667546687875223,0.9176238815413993,1.2082487449483161,1.2928800500820365,0.6018220721795466,1.4391004526276279,1.5300028405538657,1.5880012713329301,0.979124782574234,1.2981710023159347
gK,P68331,L,IVSSVFLQYPYTK,,,,0.8191833844102503,1.4758467661904964,0.9132333855013486,1.104324769732235,,0.45527888114591397,0.9504458222425032,,,,,1.5970473584409235,0.9757219269052918,,1.7329300466317106,0.7527562676530806,,0.48232694386985364,0.7409044472763937,
gK,P68331,L,MVAPATYLLNYAGR,,,,1.3959330647192525,1.4386643831086376,1.1414200712288476,1.1188806287460273,,0.22733251705181867,1.0407282057012448,,,,,0.7864179613778529,0.9297440319115563,,1.9208005571030362,0.775093949114883,,0.5280958285191923,0.696888801417651,
gM,P04288,L,GGVAVPLR,0.10802701951199607,0.06273883294907891,0.0802635473340911,0.5144615159569301,0.3752175938792723,0.8244753755474241,0.5015735873818314,0.21697660168211697,0.8784028348210244,0.5760490235881466,0.27656680168781855,0.03815429975442999,0.052549795289553794,0.022811337433263995,1.1060014439277737,0.4170317323830666,0.422574296387317,2.5390299039803153,3.8904121847593083,1.3589368916382627,1.9914476065001065,2.1244272497697416,4.62187052383713
gM,P04288,L,GSPDSAPPTK,0.04646671717863919,0.04645784004509565,0.037274015164938265,0.44558560320564905,0.41635390171878994,0.7417346028132386,0.6989286170797473,0.48111542527834744,0.9438974966269497,0.6445997249654851,0.41433617218627034,0.05762303302135869,0.06359615212392428,0.03837601953453002,0.9837182873395058,0.9893588047344098,0.8435027510636994,2.2833272847041646,2.7951459266780665,2.3959493299129897,2.497646975110495,2.3455590326544806,2.789446286859225
gM,P04288,L,GVLSGTYLR,0.06316403814852875,0.08131726276673756,0.034935937486678406,0.402305356092336,0.5165753544746069,0.6717125669435089,0.6040930130446482,0.24528361332988258,0.7408247379363798,0.8935312200313772,0.0426884999914353,0.04904877659963636,0.0766273418132385,0.03200184988659477,1.1412837812139733,0.5814569830224299,0.6028643610751104,3.162220091556486,2.871448386902016,0.23982814637719832,1.7694406515091505,2.3749504379449458,5.802397591853102
