normalization type,,,,log2 FC abundance (relative to 1st detected timepoint),log2 FC abundance (relative to 1st detected timepoint),log2 FC abundance (relative to 1st detected timepoint),log2 FC abundance (relative to 1st detected timepoint),log2 FC abundance (relative to 1st detected timepoint),log2 FC abundance (relative to 1st detected timepoint),mean-normalized abundance,mean-normalized abundance,mean-normalized abundance,mean-normalized abundance,mean-normalized abundance,mean-normalized abundance
time point (HPR),,,,24,24,48,48,72,72,24,24,48,48,72,72
replicate,,,,R1,R2,R1,R2,R1,R2,R1,R2,R1,R2,R1,R2
Protein Gene,Protein Accession,temporality,Peptide Modified Sequence,,,,,,,,,,,,
70,P90463,DE,DHFPLLTTK,-0.1340046157624022,-0.16845000337860322,2.384706032181785,2.278472693334649,2.800209248071233,2.8792448909886352,0.20870881245007408,0.20378475521687936,1.1960469898417099,1.1111400992234248,1.595244197708216,1.685075145559696
70,P90463,DE,EGDLGPVYGFQWR,-0.09922362515648918,0.16790602967986215,2.426193261807846,2.0613196813433015,2.7635855998078456,2.963840696876874,0.2138015790513629,0.2572912087281396,1.2309407324256976,0.9558709224604777,1.5552576885229397,1.7868378688113828
70,P90463,DE,SVSSMEEFTPDDFR,-0.08203124078419752,0.25968219880353677,2.4751517237786547,2.356916844726288,2.7211765941236825,2.7610998934339888,0.21636466260009593,0.27419045171255285,1.2734300926380442,1.173229199980922,1.51020524476186,1.552580348306525
CVC1,F5HB39,L,GLASEASAWIR,,,0.27247612978577135,-0.12701510211302064,1.6654117961250836,1.792520928587529,,,0.5515529446855838,0.4181464016056942,1.4484470553144162,1.581853598394306
CVC1,F5HB39,L,GPLQVLTGLLR,,,-0.14232300865234412,,1.7965404163720204,1.1309048449867845,,,0.4137330594898133,,1.5862669405101868,1.0
CVC1,F5HB39,L,LSFNPVNADVPATWR,,,0.06635888753030819,-0.11518023057603893,1.7367565045899407,1.7893762127382535,,,0.4781231092172561,0.42159069323668,1.5218768907827438,1.57840930676332
CVC2,Q2HRB3,L,FQPGALPDPNAPMLK,,,4.230244224713521,4.415852570711508,5.925487903841589,5.862986752778937,,,0.47188555534871596,0.536673762042889,1.528114444651284,1.463326237957111
CVC2,Q2HRB3,L,LDLLITQLK,,,4.431746621428342,4.507412218774,5.85711345518417,5.827895542461689,,,0.5426189406724347,0.5718374097750668,1.4573810593275653,1.4281625902249333
CVC2,Q2HRB3,L,LNLVSLLGPK,0.24438756053089628,-0.2944020791094963,4.519349574468779,4.470810860219751,6.572934254543532,6.589926041574617,0.029783399657091567,0.020501348412036945,0.576588618932075,0.5575123044438198,2.3936279814108334,2.421986347144143
DBP,Q2HRD3,DE,EAIVFHNTHLFQPIFQGK,,,3.5266404608111315,,4.392962762487375,4.023874588032617,,,0.7084637161570319,,1.291536283842968,1.0
DBP,Q2HRD3,DE,HVIMTPLVDR,-0.010070459714290039,0.10394754864493908,3.866054648068084,3.723098630652667,5.054263516330629,5.109379052402615,0.06104660828112157,0.0660669686185885,0.8963785678994649,0.8118156417013794,2.0425748238194137,2.122117389680032
DBP,Q2HRD3,DE,LASMGISEGGDALR,-0.13757686242915085,0.033089873229636656,3.7805939159382937,3.712679404749858,5.093779619846141,5.1154902896085614,0.055882816683873716,0.0629004995530497,0.8448220107762475,0.8059737833252409,2.0992951725398785,2.1311257171217095
DUT,Q2HR78,DE,GEIQVILLNK,,,-0.06792267989872865,-1.1736243822023,1.4763468195430265,1.7194626092558327,,,0.5106517448861353,0.23728781734849877,1.4893482551138648,1.762712182651501
DUT,Q2HR78,DE,GIVIDVSEWGPR,,,-0.4452415155660119,,1.5859153634741632,0.9016656800085784,,,0.39313393443285616,,1.6068660655671438,1.0
DUT,Q2HR78,DE,IC[+57]QIVFVER,,,0.9016656800085784,,,0.9016656800085784,,,1.0,,,1.0
HELI,Q2HR89,DE,GQYSSLSQSAFR,,,0.154573559611285,0.04309876884577332,1.0488506593703442,1.105442788217069,,,0.6996240155521495,0.6476009140080984,1.3003759844478506,1.3523990859919017
HELI,Q2HR89,DE,TLEYNLDISPELMDYIDR,,,-0.5050807204064208,,1.3087992179102304,0.6699218419067082,,,0.4428829729636952,,1.5571170270363048,1.0
HELI,Q2HR89,DE,VTQSSIEQLQR,,,0.14275925330544684,0.0675663084273459,1.0551671507049134,1.0935778509164888,,,0.6939181520306553,0.6586776333053839,1.3060818479693446,1.341322366694616
K14,P0C788,DE,ADIVSVTWQK,,,0.11486884378313252,-0.12481222565651474,0.6904502264506309,0.8315045658553624,,,0.8031232177202683,0.6801911702527936,1.1968767822797315,1.3198088297472064
K2,Q2HRC7,DE,HFASFYVLSAMEK,-0.27820422157018,,0.5856819324969871,,-0.8279533575416346,-0.05454569691203384,0.8563909620231132,,1.5585750529583364,,0.5850339850185502,1.0
K2,Q2HRC7,DE,LPDAPEFEK,-0.061562319258753925,0.3640349858940138,0.42912091299620975,0.22223313904611827,-0.775826217876867,-1.2004666618065942,0.9951482559217648,1.3366119546426707,1.3982929161241777,1.2114869261787282,0.6065588279540575,0.4519011191786008
K2,Q2HRC7,DE,TLGWDIQEELNK,-0.13629972457417033,0.02897513302450726,0.405277656503025,0.3073795737388288,-0.6115364738309745,-0.6644075623092097,0.9449081294066484,1.0596007940356766,1.3753734042459138,1.2851397675131464,0.679718466347438,0.6552594384511773
K3,P90495,DE,AGPSSLVDILPQGLPGGGYGSMGVIR,-1.128013766432963,,2.704137246793227,,3.5276428988546455,2.6250211857596395,0.07416925293225521,,1.0563706041791676,,1.869460142888577,1.0
K3,P90495,DE,AYAAVNTR,0.6072512069824202,0.3284491928070768,2.952595723362379,3.682238343025246,3.2082115076159408,2.1421256981127654,0.24693958391499699,0.2035461737366783,1.2549018560341638,2.0809137326569886,1.4981585600508396,0.7155400936063333
K3,P90495,DE,DSEESVDEAAGYK,-0.14005022809718431,-0.22440095669520063,2.9707040308652517,2.788852170465642,3.2868999448461373,3.4249293390809834,0.14710606017601938,0.13875174855071962,1.2707523027383536,1.1202579655135274,1.582141637085627,1.7409902859357533
K5,P90489,DE,ALYAANNTR,-0.3265725563323504,-0.39601289876225526,1.983557324281752,2.410185777000358,2.9760973555779175,2.7104511578670545,0.18955337618152332,0.18064581225625811,0.9400477452942737,1.263507643137648,1.8703988785242027,1.555846544606094
K5,P90489,DE,DGSSGDEPDGGPNDR,0.3059501522792863,0.9849431020661232,2.245862432752622,3.2696071911470566,2.731445696110587,-0.0035034417418092568,0.2938595656846244,0.47047557002486395,1.127487193754775,2.2923952396987546,1.5786532405606006,0.23712919027638132
K5,P90489,DE,VTVLPYR,-0.631535062610773,-0.7817554001340742,1.7367209399544192,2.0347199471072015,3.1114301606805284,2.9894216741202704,0.15343649252857244,0.13826359176879002,0.792218092308954,0.9739830437420147,2.0543454151624734,1.887753364489195
K8,Q2HR82,IE,EQIIFLR,0.06518684357348127,0.019879493938910642,2.3716402479089567,1.8774302423278242,2.4456642599568155,2.803475367435028,0.2689679400985819,0.2606523505099441,1.330491717130743,0.9445830309635509,1.400540342770675,1.7947646185265054
K8,Q2HR82,IE,GPHISQQLPTR,-0.1584804174422968,-0.17601336470905934,2.66436806413859,2.3929824471595165,2.148547809802125,2.467725631610066,0.23034031812557013,0.2275579534495957,1.629791425029362,1.3503203644167017,1.1398682568450682,1.4221216821337026
K8,Q2HR82,IE,QLQQALEEK,-0.0166528125103678,0.2268382326216845,2.3157729439574397,2.35046433466674,2.5114780947980933,2.432725752369194,0.25413490900683416,0.30085860250618396,1.2799542329901943,1.3111053518588571,1.4659108580029716,1.388036045634959
K8.1,F5HB98,L,DAHYNAEIR,,,-0.34135139966739847,-0.30407893392988816,0.9773651031776531,0.9621482307873084,,,0.5723376193710008,0.5873167987352318,1.4276623806289992,1.412683201264768
K8.1,F5HB98,L,VPFSATTTTTR,,,-0.7124699357189793,-1.1021560689125978,1.1029224060595395,1.1968260968671485,,,0.4425216076009593,0.33777481629096506,1.5574783923990405,1.662225183709035
K8.1,F5HB98,L,VSPVAENGR,,,0.5297439087477571,0.9114784241515339,0.3945085953770196,-0.18902921057053657,,,1.046834699148935,1.3639286409442883,0.953165300851065,0.6360713590557118
MCP,Q2HRA7,L,GLVDTVLAVK,-0.027485764286528824,0.026971889230929347,4.4950520385080495,4.308724144719291,6.114224864784444,6.169275380296627,0.031716069472153406,0.03293614361381117,0.7289519392171464,0.6406319740543304,2.2393319913107,2.326431882331858
MCP,Q2HRA7,L,GVESPAIQSTETWVVNK,,,3.869476558488345,3.97449388803061,5.562349263855187,5.528255131526843,,,0.4724783485137163,0.5081539173083189,1.5275216514862837,1.4918460826916813
MCP,Q2HRA7,L,HAPPVFILK,,,3.8039048511293228,3.6960467562525294,5.582042243133061,5.612028737369305,,,0.45148451638681103,0.41896171531642673,1.548515483613189,1.581038284683573
NEC1,F5H982,DE,ALHLGETALR,,-0.23734499995959824,2.2768798320412253,2.3588837385564494,3.217929911136046,3.930562770106341,,0.11989503098430528,0.6849490608468642,0.7250098553625716,1.315050939153136,2.1550951136531236
NEC1,F5H982,DE,QSFLQPGLLYANLVLK,,,2.005697169722664,,3.341269644235396,2.8228112270251082,,,0.5675761775793605,,1.4324238224206394,1.0
NEC1,F5H982,DE,TVMLPLDLSTVAPGR,-0.2587087778855855,0.39600525618578236,2.682673683200234,2.6165135230931447,3.8042508704121833,3.784260148763693,0.11813267718439484,0.1859767307753551,0.9074326382763489,0.8667586871152455,1.9744346845392564,1.9472645821093997
NEC2,F5HA27,DE,AC[+57]TSDVTAVYWAGQGGR,,,4.263237269422935,3.9392828506120487,5.823504986901365,5.9186845795076115,,,0.5064463480994124,0.40458841831370346,1.4935536519005876,1.5954115816862966
NEC2,F5HA27,DE,QVLQFLVVTPK,,,4.278929036141772,4.018308561490268,5.818145108486128,5.897936537688526,,,0.5119848809371559,0.42736854669628216,1.4880151190628443,1.5726314533037176
NEC2,F5HA27,DE,VVSSYLGQSGQSLDLER,0.1809468999470474,-0.20694095687122044,4.464584021120923,4.532829611963049,6.500440724391362,6.487599918386358,0.02989796241728599,0.022849447946744563,0.5822974062878561,0.6105044382938641,2.3878046312948578,2.3666461137593915
ORF K4,Q98157,DE,LMQQLPVTAR,0.291548034166734,-0.36578386794025675,1.3044859479600812,1.5369002386981676,2.092262739204538,2.0977195061200504,0.4614004552719322,0.29255087343445596,0.9311136952701241,1.0938717019464492,1.6074858494579436,1.613577424619095
ORF10,Q2HRC9,DE,FVSFPAVLLPGK,0.3029294630666573,-0.4969851288778828,2.2754793094768853,2.2307830627850187,2.864008115641624,2.9915191564734704,0.277108124128728,0.15916624559048304,1.0875417297305583,1.054365092839988,1.6353501461407136,1.7864686615695289
ORF10,Q2HRC9,DE,IVAPGVINNFSEPIGIWVR,-0.03952173935609704,,2.1623018462713826,,2.983006480301854,2.1544085502439803,0.21855521534086444,,1.0054862103218165,,1.7759585743373192,1.0
ORF10,Q2HRC9,DE,YLTFTQTGER,,0.11741539151498907,1.7895103515537736,2.182700527255595,2.4453947441941724,2.9506116342896003,,0.2436710632102083,0.7765236671332443,1.0198040531614947,1.2234763328667555,1.7365248836282972
ORF11,Q2HRC8,DE,AYPNFTFDNTHR,0.20175083853846723,0.00526925549948684,1.3026517465868244,1.3440446030508288,0.9090460762148612,0.9652754144764749,0.6279269120662669,0.5479768942708486,1.34683158395879,1.3860336803870381,1.0252415039749425,1.0659894253421134
ORF11,Q2HRC8,DE,GEPVWDSVIHPSHIVISNR,0.17922063884300557,-0.7640434115265738,1.373572700527969,0.1001965376671567,0.8248322667510957,1.9388324102766898,0.6181969111966509,0.3214963582370704,1.4146943750604783,0.5852456656203081,0.9671087137428711,2.0932579761426218
ORF11,Q2HRC8,DE,ILPTVVESSSSVLIFR,0.17009423527043083,,1.3756763723592196,,0.8275655455251479,0.873082287901114,0.6142985773835746,,1.4167587223058176,,0.968942700310608,1.0
ORF16,F5HGJ3,IE,LYITGLMR,0.18295824397750698,-0.20957699517265338,1.9596732025869834,1.7195462204861693,2.7967850242949868,2.966380812962405,0.28442211958052754,0.21666985227477634,0.9745583903577758,0.8251301197497188,1.7410194900616962,1.9582000279755045
ORF17,Q2HRB6,DE,AIDASFIR,,,1.7449437243801436,1.3554109570561736,3.53591515027601,3.63133834910423,,,0.44838241549690183,0.34228473012467975,1.5516175845030982,1.6577152698753204
ORF17,Q2HRB6,DE,GAEDDEGHLFPGEEPAYHK,,-0.030151881905622655,2.6140635138625132,2.962892940646111,3.1421607663070947,3.770817395119848,,0.13100610951059335,0.8189920738512906,1.0430084323131958,1.1810079261487094,1.8259854581762105
ORF17,Q2HRB6,DE,NPYDPWYYSPQLPGYR,0.029534595940553597,,2.8711657157415225,-0.06347968924427692,3.8164790333839957,3.806711443881384,0.13653970800209442,,0.9787576587606193,0.1280144161702812,1.8847026332372863,1.8719855838297188
ORF2,Q2HRC6,DE,EALTGPWPVR,0.03519057126589781,-0.036070455375567884,3.8924749781330186,3.777378550806573,5.541960667326332,5.57829071607719,0.04921203354245425,0.04684029318928345,0.7132300285184501,0.6585399746321741,2.237557937939096,2.294619732178542
ORF2,Q2HRC6,DE,TLETPPPGAHFLASSLDAALGLAR,,,2.396631744381756,,5.185004014518632,4.380035628214139,,,0.25289249285488,,1.7471075071451199,1.0
ORF20,Q2HRB2,L,YSTLPDLWR,,,0.07847007125057778,-0.08298490579377894,2.1713973003459555,2.206765138373082,,,0.3797856843673772,0.3395750703864228,1.6202143156326227,1.6604249296135773
ORF23,F5HIM6,L,FGTPDSSTLPLYAAR,,,-0.296930235124556,0.24612524126159296,2.9495376765555004,2.878329018193481,,,0.19065061706538508,0.27778846180623895,1.809349382934615,1.722211538193761
ORF23,F5HIM6,L,LAITSDQSYTNFK,,,,,2.094066659222092,2.094066659222092,,,,,1.0,1.0
ORF24,F5HFD2,L,TLGSSTVSDMLEPTK,,,0.1196945562764072,-0.13053095641531678,1.3763093253279721,1.4693878203436739,,,0.5900846336544627,0.4961224964377941,1.4099153663455373,1.5038775035622058
ORF27,F5HDY6,L,DAFLSDGIVDMAR,,,0.0963596744028039,0.2560957551465621,0.9497465184061713,0.8530880753288709,,,0.7125711120298125,0.7960009087753812,1.2874288879701876,1.2039990912246188
ORF27,F5HDY6,L,DYGLFISQPR,,,-0.1871828264028294,-0.22033531498278663,1.0856194867749236,1.099120005418924,,,0.5854278974685082,0.5721284187753192,1.414572102531492,1.4278715812246807
ORF27,F5HDY6,L,LPYTVPIINTTFGR,,,,,0.5852537721733079,0.5852537721733079,,,,,1.0,1.0
ORF28,F5HI25,L,TLGPQAGSHAPPTVGIATQEPYR,0.0,,2.9364265922678157,2.299368250775298,3.758206921117748,3.3028155265982138,0.13521903388518808,,1.035119077934455,0.665605103481782,1.8296618881803568,1.334394896518218
ORF33,F5HEF2,L,APWVLLR,0.3857935588346784,-1.1120948863376479,3.5056590613048595,2.9837298003250425,5.580239383369841,5.704179187973794,0.06478058242300702,0.022936940930660125,0.5631420364152023,0.3921945766128961,2.372077381161791,2.584868482456444
ORF33,F5HEF2,L,FPYIAPPPSR,0.20468042593791622,0.10885078906009145,3.687449440823189,3.550919584992197,5.5382887207482785,5.576199940235824,0.05713791158571764,0.05346588593483299,0.6387667538329145,0.581089090852928,2.3040953345813677,2.365445023212239
ORF33,F5HEF2,L,NFLGLLFDPIVQSR,,,1.5256636970917636,,5.227255356695078,4.334088309574688,,,0.14275126027227103,,1.8572487397277289,1.0
ORF34,Q2HR98,L,GTQYITGNVQTQR,,,-0.10588925421483428,0.09864592660463754,1.5736935395809217,1.5034108890553624,,,0.4758106191512152,0.5482837254029295,1.524189380848785,1.4517162745970706
ORF35,F5HCD4,L,EAELGTLVR,,,,0.0,1.936431790535687,2.7344724985519604,,,,0.2612618191511602,1.0,1.7387381808488398
ORF35,F5HCD4,L,FGGSSAVFEK,,,,,1.936431790535687,,,,,,1.0,
ORF36,F5HGH5,DE,WTNLVVTSNLGFK,,,0.6011743955343098,-1.0497582721589143,2.999849157462794,3.1752156551652377,,,0.31881728741948895,0.10152233749133374,1.681182712580511,1.8984776625086663
ORF37,Q2HR95,DE,ANLFVNVR,-0.003599586457300919,-0.3374149905511862,2.0640412559849635,2.087439054014935,3.411060731991515,3.429613901329965,0.18920420371581473,0.15012130519400366,0.793145190540997,0.8061133882534544,2.017650605743188,2.0437653065525425
ORF37,Q2HR95,DE,ATSSQSLNPVWDALR,0.21200525790400138,0.07414469697643877,2.3103820843724,2.1724207546045324,3.2776770469044116,3.358374396081785,0.21970214984875097,0.1996798043991098,0.9408246197416725,0.8550237437253441,1.8394732304095767,1.945296451875546
ORF37,Q2HR95,DE,IFSPWPITNNHFVAGPLAFGLR,,,-0.0035178862196273597,,3.254999691436999,2.3983843657750232,,,0.18921491870801949,,1.8107850812919806,1.0
ORF38,F5HHY1,L,GMLLEQSQSPYPALK,0.0,,4.5428844919887865,4.077456048132896,6.638576758335492,6.038862033755715,0.024204314252108453,,0.5642054563017345,0.4086291642083116,2.411590229446157,1.5913708357916883
ORF4,Q2HRD4,L,C[+57]VLEDIDDPNNSNPGR,,,0.15208686435861726,0.35202526562090225,-0.02156267173422018,-0.28632258367285573,,,1.0601097898527128,1.2176943787237156,0.9398902101472874,0.7823056212762848
ORF4,Q2HRD4,L,FPSVTHGYPIQGFSLTYK,,,-0.29241795940558657,,0.35592768557634397,0.06787317968920248,,,0.7790073583652275,,1.2209926416347725,1.0
ORF4,Q2HRD4,L,VIFHGGQDALK,,,-0.12138022750026582,-0.1899549088421188,0.2351546913350546,0.28653526622268793,,,0.877059481038579,0.8363460529303205,1.1229405189614208,1.1636539470696794
ORF40,Q2HR92,DE,DLAIWELALR,,,0.016943116476038647,,0.3346316606798889,0.18451435023411594,,,0.8903403013923245,,1.1096596986076757,1.0
ORF40,Q2HR92,DE,TASLPVVLIMTVGR,,,-0.017144464669484223,,0.3614113072044584,0.18451435023411594,,,0.8695501769906554,,1.1304498230093445,1.0
ORF42,F5HAI6,L,ATPLVMFK,,,0.08600537848051538,0.01046915009424927,1.9503467230477103,1.970418613395434,,,0.4309400598598662,0.40895751872297653,1.5690599401401337,1.5910424812770234
ORF42,F5HAI6,L,NNALVGSNTPK,,,-0.09020066290385337,-0.011736763310157826,1.9951983345236748,1.9760715731613538,,,0.3813937428913702,0.4027110543955509,1.61860625710863,1.597288945604449
ORF43,F5HGK9,L,ELLNLLMK,,,0.13730447863519066,-0.01867477741347845,2.204813119154955,2.2396599656591967,,,0.38523605489327456,0.34575820263320384,1.6147639451067255,1.654241797366796
ORF43,F5HGK9,L,GPGSVNLLTANTFQSLGR,,,0.10400548039580501,-0.11338217360097914,2.212645022888062,2.2586931983620504,,,0.3764462102789765,0.3237894729631313,1.6235537897210235,1.6762105270368686
ORF43,F5HGK9,L,NPGVFFR,,,0.033438104619565104,-0.16748605381103285,2.2285257207950946,2.2689144766762066,,,0.3584759568027889,0.31187160409310793,1.6415240431972111,1.688128395906892
ORF45,F5HDE4,IE,AHTPKPVAVVAGR,,,,0.5240441417135571,,1.539293142412605,,,,0.6619772815964621,,1.338022718403538
ORF45,F5HDE4,IE,MLPIEGAPR,-0.623050939585355,-0.09614150913561081,1.1643966189927917,0.8689434874349996,1.858403118902551,1.9087725777500486,0.29890491598643704,0.43067394780874985,1.0318305653590247,0.840752434783097,1.669264518654538,1.7285736174081532
ORF45,F5HDE4,IE,QSTASSGSEDVVR,0.09373711177870238,0.43086440511506996,0.9406623973652335,1.1403702743582356,1.8197546369360957,1.5677083846708992,0.4912558801798318,0.6205734474493347,0.8836040073531775,1.0147889701388357,1.6251401124669906,1.3646375824118298
ORF46,F5HFA1,DE,HLVLTAQHPSPLASLGGR,-0.008442148395056878,,2.5291684353426915,0.9929596211860641,3.0243610686823468,2.9900341312004968,0.20013009717196265,,1.162008511679624,0.400649289208443,1.6378613911484134,1.5993507107915572
ORF46,F5HFA1,DE,TPLINAQK,0.0068297172841928705,0.0015707321100367623,2.3873797770401715,2.388504442280978,3.115362867092084,3.1152922107142698,0.20225985702186253,0.2015239112954352,1.0532383646152224,1.0540597456935124,1.7445017783629153,1.7444163430110526
ORF48,Q2HR85,IE,AQIVAFGTTSGFVK,,,,0.0,,0.7824651081808847,,,,0.7352758944472529,,1.2647241055527472
ORF49,Q2HR83,DE,ANLAYSLQQLYK,,,0.2123674549835708,-0.24911546363383552,1.4295169202181952,1.590118508116543,,,0.6015274474112475,0.4368529248602052,1.3984725525887522,1.5631470751397947
ORF50,F5HCV3,IE,DSTAAATAAEATTPK,-0.005933218744403614,0.19787911982575782,1.3176000692352159,1.1710826897753632,1.7330309054409687,1.771397430899035,0.4385492219285653,0.5050937239563748,1.097593596810786,0.9915975353897163,1.4638571812606485,1.5033087406539085
ORF50,F5HCV3,IE,GQLAPENFYSITGSAEK,0.05299717900135093,-0.16533815017738093,1.167125055515142,1.2810696858150854,1.8195073327658595,1.8035376159044991,0.4568337299456511,0.39267448154591106,0.9888810898065168,1.0701504134270408,1.554285180247832,1.5371751050270481
ORF50,F5HCV3,IE,IMAPLEIMTK,-0.09400484743914632,-0.01298838730482496,0.9889091191565086,1.1859816213156364,1.9601631634420682,1.8263726944621366,0.4125780727290104,0.4364098330973709,0.8739683986253043,1.001890973718009,1.7134535286456853,1.5616991931846198
ORF52,Q2HR80,L,EAQLTATVGALSAAAAK,,,5.151989002664682,5.358450322867675,7.250447944370913,7.197663457236399,,,0.3786074016398849,0.4368578563196732,1.621392598360115,1.5631421436803266
ORF52,Q2HR80,L,ISQLTVENR,-0.06195657361013803,0.059405046483984106,5.667174264395088,5.514259857071961,7.845231660600445,7.8764254002564895,0.010200820036789557,0.011096054310683738,0.5410972380140506,0.4866799936840769,2.44870194194916,2.5022239520052394
ORF52,Q2HR80,L,QVDDALK,,,6.370169935134752,6.222178235458969,6.715627982771915,6.8222891993145005,,,0.8808421754359197,0.794965277807913,1.1191578245640803,1.205034722192087
ORF55,F5H9W9,L,IPAGC[+57]QETVK,,,-0.27222635988494925,0.15917110873619725,2.0296224315063296,1.9238623224049267,,,0.337217376729745,0.4547508544262149,1.6627826232702547,1.5452491455737851
ORF55,F5H9W9,L,LATAMASDDSVIWASEISHSLSEPTSVLPLTPAVTR,,,-1.8199711640074618,,2.210324615960155,1.2960228550809267,,,0.11534328975387585,,1.884656710246124,1.0
ORF55,F5H9W9,L,LGDPLEGC[+57]PER,,,0.5861358139029789,0.34581286322434646,1.769687172344218,1.8639993692602388,,,0.611368005307246,0.5175571232744874,1.3886319946927541,1.4824428767255127
ORF56,F5HIN0,DE,DTASLLATISQQVPHLR,,,,,0.0,0.0,,,,,1.0,1.0
ORF56,F5HIN0,DE,IFYHDLSLSLPTLK,,,,,0.0,0.0,,,,,1.0,1.0
ORF56,F5HIN0,DE,SIEDWLHSAVWDK,,,,,0.0,0.0,,,,,1.0,1.0
ORF57,Q2HR75,IE,FDDSIIPR,-0.18781682153994064,0.2050732127426522,1.8321888526083345,1.6072396846490988,2.478067761754493,2.538732190487112,0.26311134484201687,0.34547073162960285,1.0671411664506334,0.9130728444364212,1.66974748870735,1.7414564239339765
ORF57,Q2HR75,IE,GTQSAQGIPPPLGR,-0.09037339999100331,-0.14088501512665189,1.644026796093393,1.672631549269403,2.5718128706894654,2.564449299442992,0.28149647911394593,0.2718112675882703,0.936654557642141,0.955411224917831,1.7818489632439127,1.772777507493899
ORF57,Q2HR75,IE,LPASMIIDGESPR,-0.18471974991312065,0.3141276892189221,1.7207581889988668,1.8548350911849978,2.5445581078869606,2.364529333050505,0.26367677962929026,0.37259749288185184,0.987820197099419,1.0840244327396686,1.7485030232712908,1.5433780743784797
ORF59,F5HID2,DE,SVDVGVVHTDALSR,-0.1252855745420561,-0.16094938055351515,3.1350709829852423,2.9777899280526947,3.6612567207168047,3.763565992698214,0.12304320094477124,0.12003882766421058,1.179024259156273,1.057246913083422,1.6979325398989564,1.822714259252367
ORF59,F5HID2,DE,TTISYGDNLTSTVHK,-0.18069347141920541,0.04027564512865394,3.171609229699574,3.0796715287011094,3.6393343478362903,3.6860684633903857,0.11840721918041465,0.1380055378258209,1.2092660194756726,1.134608005693173,1.6723267613439128,1.727386456481006
ORF59,F5HID2,DE,VPDSIPDSR,0.059858112136839815,0.30543226054633943,3.2079602189687333,3.0396858817625523,3.5934588967124985,3.6887136223145456,0.13989153122074305,0.16585043262280869,1.240122500921322,1.1035930694655869,1.6199859678579354,1.7305564979116044
ORF63,F5HEU7,L,ALAFFVPPAPINTLQR,,,0.0,,2.1454186153018937,1.4394120135774924,,,0.36871754864495637,,1.6312824513550435,1.0
ORF64,Q2HR64,L,LALSVAGPVPGR,,,0.03399119882739175,-0.00015844960028125682,2.228080620716397,2.2354369625581763,,,0.35867957388220995,0.35028906217179206,1.6413204261177903,1.6497109378282078
ORF64,Q2HR64,L,LPPTAPTPATAALETK,,,0.12503861519259996,0.3241191544249384,2.207395087025152,2.156086987842516,,,0.38204511281854187,0.438574990208973,1.617954887181458,1.561425009791027
ORF64,Q2HR64,L,SLIQAFNAEGIR,,,-0.34872297803062324,-0.2369224640826877,2.2997323991114538,2.28107198604146,,,0.2751048191027646,0.29727165868393285,1.7248951808972353,1.7027283413160672
ORF66,F5HG20,DE,AVLANNAALAIR,,,-0.6423903058433018,0.23434857107064266,2.206692105847962,2.0287217514183196,,,0.24374134901999514,0.447562726422438,1.7562586509800049,1.552437273577562
ORF66,F5HG20,DE,GFQGNMPSWAR,,,0.09770248190731917,0.15433166382222757,2.06582699017421,2.0509895651261965,,,0.4071170951886542,0.42341517760017916,1.5928829048113458,1.576584822399821
ORF68,F5HF47,L,ILGISNLQFLK,-0.0056404486348075765,,2.4766695298612227,0.5564935955370549,3.7630981765997293,3.5796003969272987,0.14838152469261315,,0.829143291799554,0.21907813655756475,2.022475183507833,1.7809218634424353
ORF68,F5HF47,L,LIASDMSELK,0.2048655726293538,,2.7176882401619475,2.1377873977195545,3.6332569245975557,3.1739759464744224,0.17169136603004043,,0.9799038245945286,0.6555652199441571,1.8484048093754308,1.344434780055843
ORF68,F5HF47,L,VVSEDVLFR,-0.10111860316449907,-0.12184244421286704,2.632120213772904,2.4504396019420023,3.701281217369783,3.781823317929006,0.1388794669480653,0.13689876905517187,0.9234745051054609,0.8142046837155698,1.9376460279464736,2.0488965472292584
ORF75,Q9QR70,L,ALPQELLPVPAWR,,,0.2555864353285652,-1.0141493454191657,2.2330158935001,2.4329214266182886,,,0.40502981076398453,0.16798033092823164,1.5949701892360155,1.8320196690717685
ORF75,Q9QR70,L,ELGLQEWAR,,,0.45665098473893445,-0.09125392764528466,2.1771605776952896,2.3092552214783955,,,0.4656005123183382,0.3184766791723931,1.5343994876816618,1.681523320827607
ORF75,Q9QR70,L,WAVNLETNVSK,,,,,1.559486433925806,1.559486433925806,,,,,1.0,1.0
ORF9,Q2HRD0,DE,AYDTQQYAVQK,,,-0.19800267088668763,-0.1535084157702571,1.0712099035617324,1.0523393624845356,,,0.5864587122554604,0.6048275259204321,1.4135412877445395,1.395172474079568
ORF9,Q2HRD0,DE,LLTVWLAK,,,-0.2137760634984923,,1.077703784106153,0.5718958804885974,,,0.5800817176769074,,1.4199182823230925,1.0
ORF9,Q2HRD0,DE,SSQVLDLILR,,,0.395970132911359,0.07186876222143729,0.7286816645307433,0.9425138383635464,,,0.8851993227197343,0.7070934898603558,1.1148006772802659,1.292906510139644
RIR1,Q2HR67,DE,APFVDQSQSMSFFLK,0.32929676401795116,,2.699877203519927,1.518614152636684,3.988060315705742,3.6873789587628836,0.15956323397872935,,0.8251799162548257,0.3638756868446796,2.015256849766445,1.6361243131553205
RIR1,Q2HR67,DE,LWYLFDPATAPNLIK,-0.32306855685131125,,2.7205180633586163,,4.020727589982045,2.977096589970295,0.10151992778625184,,0.8370707514024156,,2.061409320811333,1.0
RIR1,Q2HR67,DE,TMGTEPVYESVAQMFMR,-0.0827876978211928,,2.941755218958964,,3.9063433718939997,2.977096589970295,0.11991763259456104,,0.9758008391169061,,1.9042815282885328,1.0
SCP,Q2HR63,L,LDHDYAHHPLVAR,,,0.2979254275054553,,1.231447725289497,0.8389115394931134,,,0.6873009640133232,,1.3126990359866768,1.0
SCP,Q2HR63,L,MNTLDQGNMSQAEYLVQK,,,-0.1254587767404064,-0.22784035998286997,1.4117992185346773,1.4454555370011182,,,0.5125020511606155,0.4773925973013966,1.4874979488393845,1.5226074026986034
TK,F5HB62,DE,LQFIVADADK,,,3.355831087016899,3.3216506170544915,4.605428513315525,4.619565201693858,,,0.5921100197394611,0.5782465676774425,1.407889980260539,1.4217534323225576
TK,F5HB62,DE,LSATDDDSGDYAPMDR,,,3.023142768669754,2.8541188251090097,4.725266961489692,4.773471704080944,,,0.4701681947719952,0.41818838883119885,1.5298318052280049,1.5818116111688012
TK,F5HB62,DE,TPVTVDYR,0.0,,3.496156155816692,2.774140277644786,5.30696941249929,4.793895228565221,0.057835779425747275,,0.6525960866389605,0.3956362059991588,2.2895681339352922,1.6043637940008413
TRX1,F5H8Y5,L,GFAEVVAMIK,,,0.5824935630047705,-0.992618437180338,1.7742222245419548,2.1425460779281313,,,0.6089646598207852,0.20437893477353453,1.3910353401792146,1.7956210652264655
TRX2,F5HGN8,L,ETSPDYIQIMQYLSK,,,,,1.2718553250842726,1.2718553250842726,,,,,1.0,1.0
TRX2,F5HGN8,L,LFADELAALQSK,,,-0.02878317715065333,0.028220139456330076,1.9445553787098626,1.9296716264016869,,,0.40594649622893864,0.4223072190602212,1.5940535037710615,1.577692780939779
TUBA1A,Q71U36,normalization,EDMAALEK,0.015782945922072928,0.4556585974294622,0.1922511902875471,-0.037164411593520366,0.0595025907077769,-0.23501825195555368,0.9491021989198732,1.2874451782360279,1.0725936324996497,0.9149012833454448,0.9783041685804771,0.797653538418527
TUBA1A,Q71U36,normalization,IHFPLATYAPVISAEK,-0.18276063988605443,-0.5200268767519857,0.32697699436796085,0.07032391021996746,0.08440964467132372,0.5344006123836359,0.8270759735589275,0.6546635346388541,1.1775835293700339,0.9856697896824312,0.9953404970710389,1.3596666756787148
TUBA1A,Q71U36,normalization,TIGGGDDSFNTFFSETGAGK,-0.07392992266485339,0.12322970070973745,0.3017186516471914,0.10326898628501183,0.018624312326726487,0.0458292835095724,0.8918805954888767,1.0224867190439755,1.1571461210085976,1.0084373022966668,0.950973283502526,0.9690759786593578
gB,F5HB81,L,LASSVFDLETMFR,0.2370244047950416,,3.141938136296118,-1.7754499099003556,4.1766407161423125,4.20432234035953,0.1258712669900426,,0.9427418176594379,0.03119690205991966,1.9313869153505194,1.9688030979400803
gB,F5HB81,L,NILLGMHQLQQEER,,-0.2837717422354418,2.489969069422056,2.6010056591199033,3.7124598379804623,4.406067285885752,,0.08773064894241554,0.599971369368517,0.6479714491620737,1.4000286306314829,2.264297901895511
gH,F5HAK9,L,LVLGDIFASK,0.20036381314276025,,2.513939249868212,1.673644030085775,3.0145787941928472,2.7594008417332367,0.2306893766467613,,1.1467881567639986,0.6405147463924469,1.6225224665892402,1.359485253607553
gH,F5HAK9,L,SATQLINGR,-0.23274873104607532,,1.960925915241182,1.3166874113424059,3.350198182200864,2.9011871307274073,0.1708628822926,,0.7816450779819586,0.5001203004882224,2.0474920397254412,1.4998796995117776
gH,F5HAK9,L,SSQETVLAMVQLGAR,,,1.299527680063546,,2.906863800069644,2.3163403392581228,,,0.49420699671036533,,1.5057930032896347,1.0
gL,F5HDB7,L,LGSWASQENLR,0.20259584065139968,-0.3894557509348207,0.9541755670986121,0.9372376353358433,1.6111914225540473,1.792856888951703,0.5619638801690139,0.37280618979925084,0.9461422673077561,0.9350990564209873,1.4918938525232304,1.6920947537797617
gL,F5HDB7,L,LLWYLQR,0.1931613492191817,-0.08536017239956903,0.9460659983987676,-0.39168319317260153,1.6198362124314372,2.150069128190587,0.5583009123823129,0.46028307428462306,0.9408388033389152,0.3722310415450735,1.500860284278772,2.1674858841703033
gL,F5HDB7,L,TGDITVETC[+57]VNGFNLR,,,0.5002326690975069,-0.2717983596756226,1.4228132098018684,1.7080694622068975,,,0.6907263369205141,0.4044841595793515,1.3092736630794861,1.5955158404206484
gM,F5HDD0,L,DISTPAPR,0.2866624626976972,,3.6654592394787318,3.344838830650863,4.618104283933428,3.9527065007614843,0.09513426337669041,,0.9895919159593933,0.7923914459402411,1.9152738206639164,1.207608554059759
gM,F5HDD0,L,TPTVHQKPPPLPAK,-0.3581119914592289,,3.8280757697072554,2.9728287205672252,4.5535694005217895,4.15326498982272,0.06084718746277726,,1.1076654059218283,0.6122849389581315,1.831487406615394,1.3877150610418685
vIRF-1,F5HF68,DE,SESPGEGPSGTGGSAAAGDITR,,,0.060984606073756935,-0.06367672295422816,1.9337675021428107,1.9660135925373396,,,0.4289651354851758,0.39345511592140586,1.5710348645148242,1.6065448840785943
