treatment,,,,CAY10602,CAY10602,CAY10602,CAY10602,CAY10602,CAY10602,DMSO,DMSO,DMSO,DMSO,DMSO,DMSO
time point (HPI),,,,24,24,48,48,72,72,24,24,48,48,72,72
replicate,,,,R1,R2,R1,R2,R1,R2,R1,R2,R1,R2,R1,R2
Protein Gene,Protein Accession,temporality,Peptide Modified Sequence,,,,,,,,,,,,
70,P90463,DE,DHFPLLTTK,0.294899972072494,0.33304989079753294,1.3159634051482476,1.1463240345788515,1.323978485184981,1.1963108467148469,0.21324183828966076,0.22581492166104428,1.222024387952819,1.2312599840628302,1.6298919113517971,1.867240322184894
70,P90463,DE,EGDLGPVYGFQWR,0.2647352482111543,0.39585822643664115,1.3372157035637762,1.066937069209261,1.2854083102473397,1.1712982420295683,0.2218291682664127,0.2886727140524448,1.2771587565947902,1.0724573716859436,1.613652813116527,2.0047763765861415
70,P90463,DE,SVSSMEEFTPDDFR,0.23313762224030246,0.29766128803449265,1.5207913085149813,1.0817487626279656,1.3768706856031911,1.1772090579139896,0.2069311909795548,0.31471405401259883,1.2179087034459133,1.3466250028248157,1.4443604892160575,1.7820418345861373
CVC1,F5HB39,L,GLASEASAWIR,,,0.597889163224659,0.5328341021405896,1.4184816014674444,1.2410390672328457,,,0.5470382729492416,0.4654234618721933,1.4365909623586548,1.7607033687543714
CVC1,F5HB39,L,GPLQVLTGLLR,,,0.18688717389143855,,1.3173590763044383,,,,0.516287917319817,,1.9794658324843064,1.0
CVC1,F5HB39,L,LSFNPVNADVPATWR,0.08124158510458873,0.08793765272947518,0.6685232484903618,0.589618915878907,1.690201903652919,1.4257670204825468,,,0.6120055316433226,0.6106059080787467,1.9480277311088074,2.286070502830325
CVC2,Q2HRB3,L,FQPGALPDPNAPMLK,,,0.6011585699146386,0.6129972617466881,1.3055506623966964,1.152481642029282,,,0.4938968382085529,0.5996044215373751,1.5993939294801123,1.6349166746866546
CVC2,Q2HRB3,L,LDLLITQLK,,,0.7390202039526242,0.6096102703247803,1.646936910336736,1.5532029850579023,,,0.4379051204220936,0.525286054657527,1.1761377652885465,1.3119006899597905
CVC2,Q2HRB3,L,LNLVSLLGPK,0.07666000871113503,0.06604790249994084,0.8177963555026142,0.824927266641009,1.8517522569625773,1.5824378186894714,0.03230298967876817,0.02409992968061763,0.625366359136345,0.6553718839921021,2.5961220300085612,2.847115198496858
DBP,Q2HRD3,DE,EAIVFHNTHLFQPIFQGK,,,0.6321027120912562,,1.2159630055174386,0.1756842678448379,,,0.76228367931433,,1.3896506030769757,1.824315732155162
DBP,Q2HRD3,DE,HVIMTPLVDR,0.06928195375555975,0.0770522972910535,1.1004164164961217,0.8747784528816435,2.02664778455763,1.7223056323990362,0.05705118601440539,0.07324324241411284,0.8377117395459523,0.899996035597933,1.9088909196303303,2.3526243394162205
DBP,Q2HRD3,DE,LASMGISEGGDALR,0.05957614091998478,0.08480317789137005,1.0686863779642124,0.9543053908738424,1.8493488635386062,1.662062610804068,0.05629986302116433,0.06916599358169666,0.8511268097496034,0.8862565149816297,2.1149619448064287,2.343406311867394
DUT,Q2HR78,DE,GEIQVILLNK,,,0.7289698796254297,0.5996464404134564,1.7974278591380157,1.667888208018781,,,0.37624878298430053,0.20554646095270696,1.0973534782522538,1.5269188906150555
DUT,Q2HR78,DE,GIVIDVSEWGPR,,,0.47889119925108903,0.07847744086429127,1.730422879201652,0.672507930554641,,,0.3519897008356994,,1.4386962207115597,2.249014628581068
DUT,Q2HR78,DE,IC[+57]QIVFVER,,,0.7078986842364927,,2.0707829721739754,0.42320464637350175,,,0.22131834358953198,,,1.5767953536264983
HELI,Q2HR89,DE,GQYSSLSQSAFR,,,0.9017034897431718,0.849357095969108,1.5153347365662444,1.1649568587759231,,,0.5537390362874794,0.642966048920122,1.0292227374031042,1.342719996334847
HELI,Q2HR89,DE,TLEYNLDISPELMDYIDR,,,0.8113117531253992,,1.1224249210231378,,,,0.4575564223394742,,1.6087069035119888,1.0
HELI,Q2HR89,DE,VTQSSIEQLQR,,,1.013902160697981,0.7816164661924065,1.4364310233533781,1.2146859094726223,,,0.5376709665931554,0.6598954045282894,1.011995849355486,1.3438022198066817
K14,P0C788,DE,ADIVSVTWQK,,,1.0961800893472031,0.9039154038461572,1.0452940090314433,0.7727199469755773,,,0.7463126511633021,0.7901660598242678,1.1122132504580513,1.5331985893539977
K2,Q2HRC7,DE,HFASFYVLSAMEK,1.0179114386241532,1.1110894666748965,1.0871795852085198,0.25867551711474157,0.7929539054984116,0.6324059706390432,0.8854954290408755,,1.6115432628473954,,0.6049163787806446,1.997829045571319
K2,Q2HRC7,DE,LPDAPEFEK,1.1307661058783023,1.4929325590434284,1.3889256410461517,1.1196594694481443,0.70456756801299,0.6492865913478059,0.920757833877029,1.2199352566617918,1.2937661789735482,1.1057327514516828,0.5612166722119788,0.4124533720471468
K2,Q2HRC7,DE,TLGWDIQEELNK,0.9131361646737398,1.1436073456313438,1.3825362513117323,1.2076010562791473,0.7172417855105601,0.5913963884137513,0.9408405514138494,1.0798727972844353,1.3694527878210088,1.3097267229861702,0.6767924592691097,0.6677956894051522
K3,P90495,DE,AGPSSLVDILPQGLPGGGYGSMGVIR,,,1.2231446072074414,,1.3104098077601496,0.8799849415394952,0.06097814214663761,,0.8684935376119086,,1.536973905273862,1.1200150584605049
K3,P90495,DE,AYAAVNTR,0.15529933660093903,0.26771422240970744,1.097250325560071,1.3916123319778788,2.527293104477539,2.133215776061104,0.18274823447738248,0.14977318744095128,0.9286931442776528,1.5311763262761038,1.1087158546064153,0.5265081558342541
K3,P90495,DE,DSEESVDEAAGYK,0.1387288918934481,0.19785488682076383,1.6691094812390912,1.1977144346298185,1.8979070125902526,1.601706915054227,0.11249958578232437,0.1388777241999184,0.9718097780536186,1.121275071430748,1.209945250441265,1.7425709678645245
K5,P90489,DE,ALYAANNTR,0.2291798917294878,0.23829286188134058,1.1558236539705253,1.2746702888981045,2.1994026646882183,1.6410771172249814,0.15262798610134373,0.17137023581164768,0.7569244984904647,1.1986306244794596,1.5060413050199606,1.475958871704466
K5,P90489,DE,DGSSGDEPDGGPNDR,0.3200127520551272,0.36205398536563765,1.406268143297125,1.3319623149794508,1.6759329822812068,1.567370264475429,0.2544614338867253,0.4294835723312726,0.9763235283607166,2.0926614673934996,1.3670011601190988,0.21646839545470994
K5,P90489,DE,VTVLPYR,0.18429952202496916,0.2251078639930106,1.0891257865311639,0.9265126599046928,1.7884513350991016,1.3180514600917788,0.15027178080460593,0.16270527720520025,0.7758781601106104,1.1461598754805442,2.011973415429549,2.2214628633247746
K8,Q2HR82,IE,EQIIFLR,0.2537702644433857,0.3781256392610539,1.325806221448555,1.086355848411844,1.6216350261559214,1.5124504734405888,0.25092812479203713,0.2626565966957522,1.241254967073732,0.9518462569934866,1.306605396086369,1.8085651851972744
K8,Q2HR82,IE,GPHISQQLPTR,0.30456132937318503,0.30675022045612554,1.8855646896688778,1.3005815612543654,0.92762673090279,1.2511492532674477,0.2212992494980841,0.2382925421345041,1.5658206176514462,1.414019011223523,1.0951273829056176,1.4892074116640344
K8,Q2HR82,IE,QLQQALEEK,0.2050876031651597,0.28991679901199346,1.5136517277127506,1.289555005347514,1.7119555113852658,1.613450277285586,0.2176500441574125,0.2815111798807417,1.0961976708295953,1.2267916272799788,1.2554574427498157,1.2987751111941854
K8.1,F5HB98,L,DAHYNAEIR,,,0.5683931513376125,0.5171526850487302,1.735779611047909,1.7032624713054587,,,0.4852928620203857,0.5225900367238979,1.2105343755940932,1.2569948069219135
K8.1,F5HB98,L,VPFSATTTTTR,0.005164560755927854,,0.701819006476853,0.5091953186520723,1.8592559977830942,1.0302888190358217,,,0.5384957901023926,0.41555014668673845,1.8952646448817325,2.0449657156253673
K8.1,F5HB98,L,VSPVAENGR,,,0.5433514347973212,0.8604112035706094,1.9026615672428244,2.218642052622434,,,0.8133837557453303,0.6280528203313449,0.7406032422145238,0.29289392347561166
MCP,Q2HRA7,L,GLVDTVLAVK,0.04611485370768717,0.04811080268127325,0.8815732058791025,0.6943585517126561,2.183878772273858,1.6693973568426181,0.03053658234212662,0.03939309110140322,0.7018429864047689,0.7662243039835291,2.1560535993924566,2.7825158936785206
MCP,Q2HRA7,L,GVESPAIQSTETWVVNK,,,0.683952467613046,0.5584109332543478,1.5403495310933732,1.2612051948257532,,,0.41948942955514895,0.5539853028759881,1.356208571738432,1.626398569043911
MCP,Q2HRA7,L,HAPPVFILK,,,0.5903462387426301,0.4193378255059728,1.414818016554379,1.2814901976431559,,,0.4503187257341769,0.48163251761445036,1.5445170189688138,1.817539459236421
NEC1,F5H982,DE,ALHLGETALR,0.0815520466903929,0.13517479779805694,0.8715546900834001,0.9012656177888608,1.5203201574867284,1.6096817759689308,,0.13403776125366174,0.8652869379686002,0.8105314882679439,1.661286167770878,2.409308558922545
NEC1,F5H982,DE,QSFLQPGLLYANLVLK,,,0.35890584772350526,,1.3199810028423808,0.13806291903438417,,,0.6587042645425029,,1.6624088848916112,1.861937080965616
NEC1,F5H982,DE,TVMLPLDLSTVAPGR,0.13390854056243104,0.13080986801115224,1.011241581157579,0.8841098548920695,1.5409444738247504,1.523360692741378,0.1304935057880441,0.21459976371981276,1.0023819747210234,1.000158507365673,2.1810299239461726,2.246961313269914
NEC2,F5HA27,DE,AC[+57]TSDVTAVYWAGQGGR,,,0.7449955281926346,0.44192683178506004,1.7659579574999782,1.1862518749095634,,,0.3770610846605679,0.47980571279059225,1.1119854296468195,1.8920155805147838
NEC2,F5HA27,DE,QVLQFLVVTPK,,,0.5981367673982712,0.4272961816868179,1.8306816284798715,1.4168555501928657,,,0.4022106132584895,0.46067087062213824,1.1689709908633683,1.695177397498178
NEC2,F5HA27,DE,VVSSYLGQSGQSLDLER,0.033042085757601106,0.05326314760796629,0.9185582660094044,0.8715373924402242,2.6058877570411734,1.9464983665549196,0.024342042908875726,0.023829697591498347,0.4740894463560812,0.6366953012045558,1.944080401926864,2.4681760946008366
ORF K4,Q98157,DE,LMQQLPVTAR,1.1969228950311344,0.5116820486060778,1.33970444714059,1.018984809617665,0.695079032401037,0.5502168048526282,0.42576397969950525,0.38218030248608437,0.8591987023880951,1.4290034858655947,1.4833309433396384,2.1079325485719504
ORF10,Q2HRC9,DE,FVSFPAVLLPGK,0.3572804472768493,0.32143446695732436,1.3533246819931086,1.202269260093705,1.555514978372392,1.5092161385164649,0.25252677618815905,0.15741966845457583,0.9910694890034105,1.0427952404682042,1.4902836271660804,1.766865225509725
ORF10,Q2HRC9,DE,IVAPGVINNFSEPIGIWVR,0.338768960467041,,1.1770857206079017,,1.1423196855242344,0.21066351385756102,0.2434578069798458,,1.1200531972281655,,1.978314629192811,1.789336486142439
ORF10,Q2HRC9,DE,YLTFTQTGER,0.1686463950076858,,1.0507655656358483,1.0577313875785324,1.6173911807661387,1.165664463406762,,0.22552602836809615,0.8398867786818377,0.943864055063406,1.3233100799084896,1.6072140655832023
ORF11,Q2HRC8,DE,AYPNFTFDNTHR,0.7151896559952122,0.8764869468422278,1.8230285509231714,1.4254379413865748,1.156920130206855,1.2063479787116578,0.48242822223628995,0.45513629858145727,1.034753494738502,1.1512059095849188,0.787679945899969,0.8853849248931636
ORF11,Q2HRC8,DE,GEPVWDSVIHPSHIVISNR,0.6332732342185393,1.0927741840286171,2.0520013428105077,1.1890725072271897,1.1444812222049872,1.3955597044658365,0.44721275381865455,0.24890179514673438,1.0234107544437447,0.45309594663378583,0.699620692503566,1.6205958624978372
ORF11,Q2HRC8,DE,ILPTVVESSSSVLIFR,0.6810765692697187,,1.4878356057054847,0.6172516040244879,1.2178880294444736,1.0596996786428965,0.5350949722813465,,1.234091201172067,,0.8440136221269088,1.3230487173326158
ORF16,F5HGJ3,IE,LYITGLMR,0.3366496941845338,0.3813476283953703,1.0435639411670827,0.9739022021610565,1.5545244808467829,1.1158541326139708,0.2906094273534173,0.2548684609976379,0.9957588958342442,0.9705994698178394,1.7788935606139393,2.3034281060141253
ORF17,Q2HRB6,DE,AIDASFIR,,,0.49962622570289056,0.4249752415786418,1.4141652268067775,0.958257875137427,,,0.46770961387699905,0.44783967322201973,1.6184989336133329,2.168927210061911
ORF17,Q2HRB6,DE,GAEDDEGHLFPGEEPAYHK,0.10762541400043085,,1.2579802533987945,0.8365580232278449,1.031689757135427,1.4217458367671134,,0.11972631492075719,1.0657972089413041,0.9532040642885995,1.536907366524044,1.6687657607956845
ORF17,Q2HRB6,DE,NPYDPWYYSPQLPGYR,0.13089006316533425,0.12401523893719098,0.8416910390953267,0.6501739521400484,1.5109541417214527,1.3815491895163836,0.16004569032877947,,1.1472556039047663,0.18205324532192294,2.2091634617843403,2.6622083740844538
ORF2,Q2HRC6,DE,EALTGPWPVR,0.06971542773229193,,0.8327832977084615,0.6719572749751587,1.9761138454964602,1.3502336074738468,0.05120327428601095,0.04649381737593666,0.7420890816825276,0.6536687802438294,2.328095073094248,2.277646519931228
ORF2,Q2HRC6,DE,TLETPPPGAHFLASSLDAALGLAR,,,0.24297064169508487,,1.238048614494418,,,,0.31851565987783836,,2.200465083932659,1.0
ORF20,Q2HRB2,L,YSTLPDLWR,,,0.6236666497441145,0.5626283583321646,1.4546326939169685,1.0991084963065088,,,0.3649171994584569,0.3970079360840253,1.5567834568804606,1.941255209277301
ORF23,F5HIM6,L,FGTPDSSTLPLYAAR,,,0.3987224793384232,0.44609248500862003,1.5081891640448422,0.9775719136587527,,,0.19952429338067662,0.357838151895421,1.893564063236058,2.2184974494372063
ORF23,F5HIM6,L,LAITSDQSYTNFK,,,,,0.9030742260275649,0.720334449482221,,,,,1.0969257739724352,1.2796655505177792
ORF24,F5HFD2,L,TLGSSTVSDMLEPTK,,,0.8547416024604473,0.6523286979233275,1.4494910681773396,1.2782303556123937,,,0.500323121654954,0.5133481042952247,1.1954442077072587,1.5560928421690547
ORF27,F5HDY6,L,DAFLSDGIVDMAR,,,0.8406954396089585,0.7848691950371772,1.5598987321075468,1.6274647327480631,,,0.5698451948234665,0.6318918181573945,1.029560633460028,0.9557742540573657
ORF27,F5HDY6,L,DYGLFISQPR,,0.058256098141606344,0.7804939973196723,0.735420660592532,1.35965537450631,1.4786961021607594,,,0.5444042214286997,0.780276501052425,1.315446406745318,1.9473506380526777
ORF27,F5HDY6,L,LPYTVPIINTTFGR,,,,,0.8434026710574938,0.6551341994332014,,,,,1.1565973289425064,1.3448658005667984
ORF28,F5HI25,L,TLGPQAGSHAPPTVGIATQEPYR,0.20599544778953674,0.2273712939310502,1.115605779875765,1.2265754882091346,1.635866163120441,1.252458085057181,0.13713610666071077,,1.0497945163451246,0.7633143128572045,1.8556019862084214,1.53028081994543
ORF33,F5HEF2,L,APWVLLR,0.11001601237525292,0.08325974243587295,0.707112997779947,0.5272389400841453,2.0135196129229698,1.2926135310895714,0.06843747603338511,0.03132335771865991,0.5949316628383615,0.5355923902713107,2.505982238050083,3.52997203840044
ORF33,F5HEF2,L,FPYIAPPPSR,0.08103134975435287,0.07912447500112861,0.8398547093447453,0.7382479440441874,2.146063606272877,1.7369143909211695,0.055862790232145194,0.061409369460827125,0.624511680359629,0.6674221149788391,2.2526758640362505,2.7168817055938486
ORF33,F5HEF2,L,NFLGLLFDPIVQSR,,,0.09252047453964823,,1.68914243701512,,,,0.15833520754213867,,2.0600018809030938,1.0
ORF34,Q2HR98,L,GTQYITGNVQTQR,,,1.1281776280169031,0.8551036648563947,1.4154043728780243,1.269697387811013,,,0.3464895749485794,0.5140705323575827,1.1099284241564935,1.3611284149750098
ORF35,F5HCD4,L,EAELGTLVR,,,,0.5171936712649949,0.7026143268452277,0.8344468817787842,,,,0.3459576034389715,1.2973856731547722,2.30240184351725
ORF35,F5HCD4,L,FGGSSAVFEK,,,,,0.672877397865285,1.0,,,,,1.327122602134715,
ORF36,F5HGH5,DE,WTNLVVTSNLGFK,,,0.650777850324219,0.4118541997610725,1.6230162249803912,1.0784839445548984,,,0.2751721452194174,0.12739336895094044,1.4510337794759725,2.3822684867330888
ORF37,Q2HR95,DE,ANLFVNVR,0.21286269924288873,0.2920825586169996,0.9811502334609066,0.9579588579591058,1.9817261097686085,1.3737967479832691,0.17812068185155772,0.16894460709417655,0.7466829984319079,0.9071897521530147,1.8994572772441298,2.300027476193435
ORF37,Q2HR95,DE,ATSSQSLNPVWDALR,0.21235879478696698,0.2896835998507663,1.0672098367774319,0.9522761300732202,1.7171513526957014,1.4976116039138332,0.2199423586852821,0.21701391943883822,0.9418532595954183,0.9292479747638058,1.8414843974591986,2.1141667719595363
ORF37,Q2HR95,DE,IFSPWPITNNHFVAGPLAFGLR,,,,,1.155540185355157,,,,0.1744996569441163,,1.6699601577007264,1.0
ORF38,F5HHY1,L,GMLLEQSQSPYPALK,0.04443930864025537,,0.7798614358972418,0.4784333328059918,1.5582025706807037,1.092534948859756,0.029186342188139723,,0.6803371225691088,0.49628660044920203,2.9079732200245503,1.93274511788505
ORF4,Q2HRD4,L,C[+57]VLEDIDDPNNSNPGR,,,1.2917285622951842,0.5995286050883419,1.1555913916054092,1.3716947298900375,,,0.8230056586894711,1.2352149703413364,0.7296743874099355,0.7935616946802838
ORF4,Q2HRD4,L,FPSVTHGYPIQGFSLTYK,,,0.8593595201550387,,0.9141195677143403,0.4803914329213251,,,0.8672380870519056,,1.3592828250787148,1.519608567078675
ORF4,Q2HRD4,L,VIFHGGQDALK,,0.10631569923445734,0.9838834040468287,1.1277151224254294,1.2782758791572881,1.209333663548255,,,0.7620948386003551,1.0691160107888245,0.9757458781955286,1.4875195040030342
ORF40,Q2HR92,DE,DLAIWELALR,,,0.3355825994478276,,1.501378794865014,,,,0.9629202220553691,,1.2001183836317897,1.0
ORF40,Q2HR92,DE,TASLPVVLIMTVGR,,,0.7022480866419731,,1.2450107901284089,0.456063670928864,,,0.8924807035101555,,1.160260419719462,1.5439363290711359
ORF42,F5HAI6,L,ATPLVMFK,,,0.5961920827817305,0.4657841547463512,1.3068262750134583,0.9296132371348927,,,0.45183669720839115,0.5325859099378197,1.6451449449964204,2.072016698180936
ORF42,F5HAI6,L,NNALVGSNTPK,,,0.5581785142826656,0.44148365552834523,1.3516284817257294,0.9756520135887399,,,0.39859326657885735,0.5200740090252588,1.6915997374127474,2.062790321857656
ORF43,F5HGK9,L,ELLNLLMK,,,0.4828567681721828,0.35356944451636824,1.3177330065990005,0.944962355825181,,,0.423646059129539,0.4670273945923315,1.775764166099278,2.2344408050661198
ORF43,F5HGK9,L,GPGSVNLLTANTFQSLGR,,,0.5449937834720693,0.4414714560736808,1.3671897238689859,0.853239932332896,,,0.3929753032097021,0.4379719868804978,1.6948411894492426,2.267316624712925
ORF43,F5HGK9,L,NPGVFFR,,,0.4702819543195184,0.412007513312423,1.2436166452581945,0.8903895099460749,,,0.40975619343228753,0.4206528837813575,1.8763452069899997,2.2769500929601447
ORF45,F5HDE4,IE,AHTPKPVAVVAGR,,0.26234023139254997,,0.9836785918785506,,0.836682728214994,,,,0.9655926482764052,,1.9517058002374996
ORF45,F5HDE4,IE,MLPIEGAPR,0.4007602969568093,0.3784374385274991,1.0197467576417931,0.9152426609197193,1.2608156443180865,1.087859086859745,0.3306563199554677,0.5194589345414804,1.1414375586069854,1.0140765797598823,1.8465834225208586,2.0849252993916743
ORF45,F5HDE4,IE,QSTASSGSEDVVR,0.43601068821889677,0.4482346127090429,1.09749580531246,1.0175642561604306,1.5519118292915994,1.219728589709744,0.4772684623925396,0.6856245505018841,0.858445349903927,1.1211633922872815,1.5788678648805772,1.5076845986316163
ORF46,F5HFA1,DE,HLVLTAQHPSPLASLGGR,0.21557568263435095,0.2268794804143896,1.4273488688087146,0.999990135271461,1.6539776360176666,1.174499492888368,0.1803237426296011,,1.0470075553577338,0.5205698097824206,1.475766514551933,2.07806108164336
ORF46,F5HFA1,DE,TPLINAQK,0.22170679781364436,0.2618663692385089,1.274401049215526,1.232790042404983,1.6260979527826642,1.1847775625147585,0.19402074782280115,0.22305781774745617,1.0103344190351184,1.1666916602524235,1.673439033330246,1.93081654784187
ORF48,Q2HR85,IE,AQIVAFGTTSGFVK,,,,0.5087660813685307,1.0,1.288080227201234,,,,0.8099629005355666,,1.3931907908946686
ORF49,Q2HR83,DE,ANLAYSLQQLYK,,,0.683348064098335,0.6208240861696485,1.3068925923058794,0.6798280040164492,,,0.6044627039320387,0.5896090148087423,1.405296639663747,2.10973889500516
ORF50,F5HCV3,IE,DSTAAATAAEATTPK,0.4178829180579035,0.4794065331202244,1.4533857314753498,1.1094098899771818,1.4940028863377168,1.2478153415929734,0.3851527059789434,0.5325991474059473,0.9639536971877135,1.0455960485543787,1.2856220609623732,1.5851730393492949
ORF50,F5HCV3,IE,GQLAPENFYSITGSAEK,0.4085654312939906,0.48378762699625555,1.3804372805549312,1.1170819117727098,1.6185413712975691,1.317376924116224,0.3947737687386205,0.40337532414627864,0.8545435441111505,1.0993132739412204,1.3431386040037385,1.5790649390273126
ORF50,F5HCV3,IE,IMAPLEIMTK,0.46536752696129263,0.47280738418416746,1.1686161483023945,1.0160791182708313,1.4580703375968582,1.1790023316109337,0.3999182503246854,0.4847220259290575,0.8471509658897166,1.1128040335247777,1.6608767709250536,1.7345851064802327
ORF52,Q2HR80,L,EAQLTATVGALSAAAAK,0.012140209365372913,0.01169838009800639,0.5882657747608969,0.5674909142289896,1.6144738682610715,1.4910835401633764,,,0.5272335511712607,0.6399371645630241,2.2578865964413977,2.2897900009466032
ORF52,Q2HR80,L,ISQLTVENR,0.016168200489785102,0.01617522415337073,0.7399002984628761,0.600419740965544,2.1238018903412645,1.7950534580615143,0.010609293550090309,0.013272181327405862,0.5627645048663041,0.582126307580932,2.5467558122896805,2.9929530879112334
ORF52,Q2HR80,L,QVDDALK,,,0.36097470591617853,0.44978755318984726,1.748208068669661,2.4670965960895788,,,0.8327557790927592,0.43051974658311765,1.0580614463214009,0.6525961041374565
ORF55,F5H9W9,L,IPAGC[+57]QETVK,,,0.4277356488871738,0.4252252764737218,1.4034311752346564,0.851188719053164,,,0.365684117067039,0.6192765313187146,1.8031490588111303,2.1043094731543994
ORF55,F5H9W9,L,LATAMASDDSVIWASEISHSLSEPTSVLPLTPAVTR,,,0.32295400974582,,0.9356369932771821,,,,0.15810156613610005,,2.5833074308408976,1.0
ORF55,F5H9W9,L,LGDPLEGC[+57]PER,,,0.6691458762076131,0.54384755095358,1.3021305030157817,0.9243989844826067,,,0.6201483566769435,0.6551635199799318,1.4085752640996616,1.876589944583881
ORF56,F5HIN0,DE,DTASLLATISQQVPHLR,,,,,0.9350984599102307,0.39433699138113054,,,,,1.0649015400897694,1.6056630086188695
ORF56,F5HIN0,DE,IFYHDLSLSLPTLK,,,,,0.9918221436243079,0.5772091570242954,,,,,1.0081778563756922,1.4227908429757048
ORF56,F5HIN0,DE,SIEDWLHSAVWDK,,,,,,,,,,,1.0,1.0
ORF57,Q2HR75,IE,FDDSIIPR,0.33728136476243736,0.4764348984156518,1.2971341451048322,1.1291635114124765,1.5196107379563986,1.2508543799992609,0.2496026604400651,0.36200118487017613,1.0123519165284454,0.9567625309374939,1.584019175207821,1.8247834943649406
ORF57,Q2HR75,IE,GTQSAQGIPPPLGR,0.35818501678244313,0.4567689852252472,1.212984861697207,1.0251243962635463,1.5781694327777276,1.2908070395025981,0.2674836490098614,0.29240546315247357,0.8900281088006873,1.0277994146524716,1.693148930932073,1.9070947012036634
ORF57,Q2HR75,IE,LPASMIIDGESPR,0.3443204924170986,0.4401999742303556,1.3083034072429442,1.0746210147503337,1.4025108933679438,1.3137713277534635,0.2588308580722412,0.39388618389703217,0.9696657763941051,1.1459611382794954,1.7163685725056668,1.6315603610893197
ORF59,F5HID2,DE,SVDVGVVHTDALSR,0.15797246562800651,0.16722350517231696,1.4892235409279262,1.109837363715164,1.4775873333475533,1.5726379405676068,0.11792528708933643,0.12605282056739275,1.1299833975280216,1.110215402995546,1.6273079754791557,1.914032966981974
ORF59,F5HID2,DE,TTISYGDNLTSTVHK,0.13669348132694958,0.1585511914179591,1.608171776847972,1.1339288978534214,1.470747476802693,1.5587294458925736,0.10989718439088696,0.14485017386683838,1.1223549682174583,1.190880956551102,1.5521351124140401,1.8130593344181059
ORF59,F5HID2,DE,VPDSIPDSR,0.15043541683791184,0.18588483478155668,1.4071707137174254,1.0638741849938063,1.6083033955337978,1.287484113074881,0.1321550853378374,0.19143324149479618,1.171539788781212,1.2738248266102794,1.5303955997918157,1.99749879904468
ORF63,F5HEU7,L,ALAFFVPPAPINTLQR,,,0.5318656544572737,0.265843899589892,1.3672686465077564,0.844385369178175,,,0.38731302529022354,,1.7135526737447466,1.889770731231933
ORF64,Q2HR64,L,LALSVAGPVPGR,,,0.5101804608550748,0.4777001355787492,1.5742134704833266,1.2866786101443286,,,0.34354438421685873,0.39155683626599425,1.5720616844447397,1.8440644180109278
ORF64,Q2HR64,L,LPPTAPTPATAALETK,,,0.5772388306356887,0.48155466731696017,1.4492146405279274,1.2622900223178424,,,0.3769919031309691,0.49474664657666956,1.596554625705415,1.7614086637885287
ORF64,Q2HR64,L,SLIQAFNAEGIR,,,0.34922635886736575,0.29369079296632156,1.4681581653052678,1.1440719070690504,,,0.3002240178241911,0.3808402660511632,1.8823914580031755,2.1813970339134645
ORF66,F5HG20,DE,AVLANNAALAIR,,,0.4921297109613535,0.5958293482243482,1.942464914852144,1.3013456754289208,,,0.1907770088336842,0.4705730398014707,1.3746283653528184,1.6322519365452601
ORF66,F5HG20,DE,GFQGNMPSWAR,,,0.6558618359932125,0.6071399029825764,1.6874550427037032,0.9912146662768805,,,0.3372320099964923,0.5084465632948328,1.3194511113065919,1.8931988674457105
ORF68,F5HF47,L,ILGISNLQFLK,0.21177948441708136,,0.8973362900671109,0.3996198286102823,1.8342106177958881,1.2594647728699542,0.15118463013371736,,0.8448068056872376,0.25642169167330936,2.0606821718989643,2.0844937068464535
ORF68,F5HF47,L,LIASDMSELK,0.19562425995073687,,1.0468542216231809,0.7052450803071998,1.767858694501133,1.1105725798722212,0.17109976473630092,,0.976527345137379,0.7159369880013107,1.8420357140512695,1.4682453518192684
ORF68,F5HF47,L,VVSEDVLFR,0.17996303165719346,0.1754353949299691,0.9074715198943515,0.8870362236928175,1.7758495852990293,1.6800068331659588,0.1452084756805776,0.14865023004027286,0.9655590431261217,0.8840964339526659,2.0259483443427264,2.2247748842183164
ORF75,Q9QR70,L,ALPQELLPVPAWR,,,0.4818377818603803,0.3574404805679015,1.217032772604983,1.1649467108570033,,,0.4660130119341633,0.20809510974823492,1.8351164336004737,2.26951769882686
ORF75,Q9QR70,L,ELGLQEWAR,,,0.546985730131302,0.5093038184089981,1.3069063601421704,1.1818137492644887,,,0.49961447112955454,0.36766260482341256,1.646493438596973,1.9412198275031005
ORF75,Q9QR70,L,WAVNLETNVSK,,,0.5710591137738689,0.3074495090696292,1.1484728075514574,1.0332008083863398,,,,,1.2804680786746736,1.6593496825440306
ORF9,Q2HRD0,DE,AYDTQQYAVQK,,,0.8386061848168004,0.5851920460555033,1.3829508416485858,1.2189455649906609,,,0.5214916880394409,0.6640590079863389,1.256951285495173,1.5318033809674967
ORF9,Q2HRD0,DE,LLTVWLAK,,,0.49505290216735326,0.17900193688673707,1.5755954128214316,0.6150123474295067,,,0.5595908197220707,,1.3697608652891446,2.2059857156837563
ORF9,Q2HRD0,DE,SSQVLDLILR,0.07755904052473866,0.07003083802901815,1.532915012965896,0.8093613175477306,,1.6659701655755728,,,1.057603374735661,0.8678291613395641,1.3319225717737038,1.5868085175081144
RIR1,Q2HR67,DE,APFVDQSQSMSFFLK,0.19031399988499542,0.23603107903530832,1.2318687293151944,0.9542134045850258,1.8104951649554604,1.2284143251535986,0.14718762155645063,,0.7611795411835893,0.46964364946892423,1.8589549431043093,2.111697541757143
RIR1,Q2HR67,DE,LWYLFDPATAPNLIK,0.1351460598037871,,0.4714021769739797,,1.9358866982456693,0.07468594032441368,0.11700391857089597,,0.9647421956542249,,2.375818950751443,1.9253140596755864
RIR1,Q2HR67,DE,TMGTEPVYESVAQMFMR,0.020623130154631943,,1.3068565905406835,,1.7295984250049332,0.24680415691102361,0.11763607389280725,,0.9572352049603927,,1.868050575446551,1.7531958430889762
SCP,Q2HR63,L,LDHDYAHHPLVAR,,,0.6460409962665,0.20126503727062386,1.0788557865504627,1.0131476856616786,,,0.7818403171998572,,1.4932628999831798,1.7855872770676973
SCP,Q2HR63,L,MNTLDQGNMSQAEYLVQK,,,0.6087834148231916,0.5480877192926044,1.4467002948084866,1.3474320663150652,,,0.49828429366449806,0.5023316377590771,1.4462319967038237,1.6021485766332528
TK,F5HB62,DE,LQFIVADADK,,0.15898260831580066,0.9813957160005479,0.9336398009424821,1.5782939866694614,2.070879958500956,,,0.42641107929150496,0.5309742261954851,1.0138992180384858,1.3055234060452763
TK,F5HB62,DE,LSATDDDSGDYAPMDR,,0.08601315388290234,0.8490156629455672,0.8635891424915558,1.5949052412560636,1.4700433198180356,,,0.3658094496969788,0.5395371211889909,1.19026964610139,2.0408172626185155
TK,F5HB62,DE,TPVTVDYR,0.08309565470297926,0.10169390183429407,0.9354446442356673,0.5937134208249434,2.4679569885284267,1.825883607791364,0.048456796156023954,,0.5467673446518002,0.49033352602611446,1.918278571725103,1.988375543523284
TRX1,F5H8Y5,L,GFAEVVAMIK,,,0.4955008629990498,0.3366879752586371,1.4799822995286656,1.1866999964657075,,,0.616429603616381,0.2530836640931506,1.408087233855904,2.223528364182505
TRX2,F5HGN8,L,ETSPDYIQIMQYLSK,,,,,0.8711237955050368,0.36492778942726234,,,,,1.1288762044949634,1.6350722105727378
TRX2,F5HGN8,L,LFADELAALQSK,,,0.4729152705653432,0.44109011463760334,1.5621880095314593,1.255630723543269,,,0.3988214694482187,0.4863457087735963,1.566075250454979,1.816933453045531
TUBA1A,Q71U36,normalization,EDMAALEK,0.6872377061203407,0.9437179236582337,1.1942929791873824,0.9495704295590063,1.1329685025890668,0.9941385517376854,0.9445151285480748,1.33575574104099,1.0674097202948125,0.9492323730544138,0.9735759632603237,0.8275849809496698
TUBA1A,Q71U36,normalization,IHFPLATYAPVISAEK,0.8006635829075672,0.8389553640930965,1.183682389164222,1.0356883041093186,0.9074315768926321,1.1772514796875726,0.856912036575989,0.6433389143227658,1.2200638546525513,0.968619296513677,1.0312465598070386,1.3361466412735699
TUBA1A,Q71U36,normalization,TIGGGDDSFNTFFSETGAGK,0.665805678710978,0.7767532464908545,1.1247766168301425,1.0653740425760692,1.006369665396261,0.9246395006224603,0.9522454641528825,1.101979339038174,1.2354648712685015,1.0868376587672097,1.0153377036412352,1.0444162125052325
gB,F5HB81,L,LASSVFDLETMFR,0.18800835278719752,,1.243933308373307,0.1469887578954897,1.6443718514846546,0.8595430998745787,0.12266937414834035,,0.918760504451747,0.046693466226318404,1.8822566087547543,2.946774676003613
gB,F5HB81,L,NILLGMHQLQQEER,,0.2083890703243498,0.9297861522170808,0.8947902420655373,1.2644091138974658,1.7677859469271326,,0.09150408278782693,0.541715569500703,0.6758417251329415,1.2640891643847503,2.3616889327622124
gH,F5HAK9,L,LVLGDIFASK,0.23123027936739893,0.25578765441882606,1.2596460040291813,0.8854544457237818,1.6538860451112576,1.4921765667014104,0.21955766620495906,,1.0914509154712098,0.7579151212117512,1.5442290898159943,1.6086662119442308
gH,F5HAK9,L,SATQLINGR,0.16511941214160722,0.13665245059833592,1.3841051207478943,0.8780420936019747,1.6051233707406842,1.319882921450546,0.1620721063959087,,0.7414299849255027,0.6665159594033865,1.9421500050484033,1.998906574945757
gH,F5HAK9,L,SSQETVLAMVQLGAR,,,0.7295435130532445,0.45641145146264017,1.4496096134623344,0.9759485571352243,,,0.44993763240709717,,1.370909241077324,1.5676399914021355
gL,F5HDB7,L,LGSWASQENLR,0.6198936507004307,0.7765824052707067,1.1575430082863338,1.1375808675249217,1.2905228789458598,0.8918953791761155,0.5492336116253101,0.39690703480023243,0.9247091368728357,0.9955505136017331,1.4580977135692297,1.8014837996262911
gL,F5HDB7,L,LLWYLQR,0.6650398268015821,0.9376369557258661,0.6980783318606972,0.19524975880183498,1.4904107729466602,0.38723006951524547,0.58555922275576,0.6873381396922653,0.9867740249085212,0.5558505318253291,1.5741378207267795,3.236694544439459
gL,F5HDB7,L,TGDITVETC[+57]VNGFNLR,,,0.9951796597496875,0.5863029780260273,0.8225529265586815,0.5538933192926537,,,0.7536747884201123,0.5783726486204854,1.4285926252715186,2.2814310540608336
gM,F5HDD0,L,DISTPAPR,0.1355075908310865,0.19859277634387024,1.539797860606738,1.0924086965471598,1.9550455439439183,1.1979211447199691,0.07514493750522183,,0.78166183287715,0.994878118949528,1.5128422342358847,1.516199263439473
gM,F5HDD0,L,TPTVHQKPPPLPAK,0.17194585346784658,0.11775627535712484,1.8317775536199181,1.3138435814429155,1.8211677162611777,0.9022118104517827,0.04411641918984592,,0.8030976189266219,0.8162334802838003,1.3278948385345895,1.8499548524643779
vIRF-1,F5HF68,DE,SESPGEGPSGTGGSAAAGDITR,,,0.7334943680757295,0.5285196170407706,1.8638571585243098,1.7090891565586614,,,0.3008436462150444,0.346710922141152,1.1018048271849157,1.4156803042594157
