treatment,,,,CAY10602,CAY10602,CAY10602,CAY10602,CAY10602,CAY10602,CAY10602,CAY10602,CAY10602,CAY10602,CAY10602,CAY10602,DMSO,DMSO,DMSO,DMSO,DMSO,DMSO,DMSO,DMSO,DMSO,DMSO,DMSO,DMSO
time point (HPI),,,,2,2,2,6,6,6,12,12,12,18,18,18,2,2,2,6,6,6,12,12,12,18,18,18
replicate,,,,R1,R2,R3,R1,R2,R3,R1,R2,R3,R1,R2,R3,R1,R2,R3,R1,R2,R3,R1,R2,R3,R1,R2,R3
Protein Gene,Protein Accession,temporality,Peptide Modified Sequence,,,,,,,,,,,,,,,,,,,,,,,,
CVC1,P10201,L,AALQGGPR,0.05036306879004821,0.04649019657521246,0.056643294377450325,1.0655228038910174,1.1374348548356195,1.2617229631850801,1.434844747757918,1.5047707989737058,1.0794441901186593,1.1908207469522722,1.1931589933135742,1.7534492128351151,0.05162085454398586,0.048706355753997614,0.05122906776042176,1.1688662086921962,1.1888967157153827,0.9931705454958033,1.6807189468617405,1.512558394118806,1.5689725688879288,1.3572426225108214,1.3679836907137006,1.235368157339541
CVC1,P10201,L,AWLGEVTR,0.04094939411188966,0.07511284375976275,,1.0046073290331663,1.0125303343371044,0.3675490185719774,1.3974550219600987,1.2935891537329471,0.7826311896661988,1.3160062376767188,1.6198115108309323,1.3016157296699997,0.06114892505892144,0.06823974681314894,,1.3802409930768362,1.1334332218934793,1.1216778564680578,1.6211238062839017,1.2747520651467215,2.016160585205896,1.1784682927984689,1.522531123485904,0.4103656204178702
CVC1,P10201,L,VVPLGDDLPAR,0.03823959716572974,0.0395853791553603,,1.1717849936454168,1.1848708821929919,0.8990920104355836,1.3342077638918486,1.9997024644990995,0.6729509377077191,1.2583560192306282,1.3586785950475468,0.6784454386924871,0.031226617138704282,0.03719796398393475,,1.1500334187461225,0.709614511248713,0.67353271418087,2.0649805345753123,1.7895971578564784,0.9929989817581711,0.9511710556062377,0.8807530460158746,2.0829799172251695
CVC2,P10209,L,DFWMSPVFNLPR,,,,0.13875505659910256,0.31006632104862913,,0.3880186134183885,0.853339589110892,0.7508810438761178,1.203591079460413,1.7963182268969327,0.9399424682757065,,,,,0.3257350845587988,,1.6239843622157129,0.9573614428057211,1.3091764878481755,1.6456508883063838,1.757179335579026,
CVC2,P10209,L,GASGSDSGAIK,,,0.04708995121301414,0.6305168439518439,0.4229560733025393,0.5922622977384664,1.1455181971013373,1.291868101941573,1.187123735750529,1.1366168696778023,1.2755088829956605,2.357469640572947,,,0.04392780019020488,0.5044057375336354,0.5005324429665093,0.6014860607653628,0.9054202057505031,,1.6295381131562845,1.6775221459848773,1.509134498793718,1.5411024006131908
CVC2,P10209,L,LTALELINR,,,,,0.24851333123190972,1.2678173631303893,0.581693493548275,0.7075052391757504,1.241160340244457,1.1386675028309505,1.9905752710610893,0.978120363180846,,,,0.28419868586956165,0.26720637480034065,0.207677165356706,1.684318870680199,0.8171438531712274,1.4250217150807307,1.311121447071014,1.9690559305596824,0.880203053006871
CVC2,P10209,L,NFITPEFPR,0.03916273895215514,0.0544550341376637,,0.977322046951139,0.7273155113292812,,1.3119252984460412,1.8635515442134574,1.6343976869445942,2.3224297633218804,1.6262398794527713,1.2741879126040823,0.012678370861796191,0.024941712552650774,,1.0281014332709508,0.33097055589180363,0.6006465707766168,1.673730239113131,2.193049082741898,0.8869949459062517,0.6346501090829059,1.1794766796804725,0.6037728837684548
DBP,P04296,E,EALHTVVNNVR,0.06999446431936643,0.17765861915063333,0.30895516772971904,1.5573075646660053,0.7264549359493958,0.7876054122579923,1.3286606261018685,1.1945799731245188,0.7062342149889609,1.2663169454117074,1.493681273873118,2.8805636232920806,0.11154420158106702,0.06763952186315915,0.04510134151758619,0.7398672593951887,0.05012587676162767,0.7416961930895711,1.7964863936369984,2.9170722713436965,1.9130548347698093,1.1298225448877977,1.3727875279338502,0.6167892123542812
DBP,P04296,E,VIAEPFNANHR,0.09614607597628054,0.22143092788581234,,1.902698019379149,0.7522587256335608,,1.2687351897539014,1.2811724113916476,0.2898078941550445,0.8132865836444995,1.491090879993421,1.7961763777237079,0.09467523933206537,0.0577992336686934,,0.9304739860790281,0.07879599524818609,0.5973615428823905,1.7586317456544986,2.9175641512572876,1.2705395318174597,1.1353531601805782,1.1998876749213907,1.0461146534213976
DBP,P04296,E,VLFAGASANASEAAK,0.059716572334446646,0.07114542613201302,,1.0915385963164805,1.3347479868674965,1.4887336133905338,1.6961595492469872,1.9017318962684426,0.4516882766517572,1.009981953882285,0.9310439001400026,0.8069533093465389,0.05539818438313631,0.01602165866272547,,1.5927666984038769,0.3551501970360844,,1.8614336995455096,2.789785990285314,,0.6330047458872796,0.6003729446079216,1.25262480061117
DBP,P04296,E,VPPGPLGYVYAR,0.12077645404782325,0.14423525201515025,0.09290584957126262,0.9938104137232839,1.2104088652212663,0.8043287172256375,1.711259009622072,1.6546113465762093,1.7137983626249733,1.3214491172698393,1.3531937488102599,0.9848188727000123,0.08807363252159416,0.10117378169670488,0.1857687980751339,1.2535052416364025,0.833564720230227,1.9273431478052774,1.8943338249378128,1.7387887330901672,1.6623249174872508,0.6167923062411725,0.964023552360015,0.6287113345104529
DUT,P10234,E,EAIAFLPK,0.04106566290657296,0.04823283396516168,,0.2840089240397291,0.9490472684016826,0.5871923914720164,1.598495463662053,1.634911369492627,1.4606163174581084,1.673591488996313,1.4648588066388946,1.6289477376518435,0.060453272327682286,,,0.753391644220796,0.2703392382744615,0.9232015266484157,1.655233261737475,1.5848232449720463,0.5576580066904436,1.9337602821093793,1.0477872382551259,0.8423840200791722
DUT,P10234,E,GGGVVQLNLVNR,0.06644444296102514,0.09144431751136291,0.03158473465839845,0.9655098546966258,1.0331399869114468,1.7325808223598618,1.1496946571528486,1.3503211479149388,0.8454162868343952,1.840226354367708,1.8138837895208464,0.8369344845095595,0.05917417500068324,0.0781807210307165,0.04123077511471406,0.8328516939948103,0.568248945252362,0.5454147463163278,1.757635638763762,1.5099554114814313,1.1814863778817732,1.3284631830625375,1.5548256803768947,2.7853517723249697
DUT,P10234,E,GLLVVPTR,0.05623263872102171,0.08680770335844341,,0.8437698738000421,1.0524519137149742,0.5793716805996258,1.0786284625668023,1.723823937332217,0.42523969190563093,2.3698424400703457,1.5915129887379105,0.8230390717102117,0.0598932528898312,0.047293706315211646,,0.9695136213517535,0.3855021639735421,0.28174228920161126,1.450407203945796,1.9729600459480139,0.15553403317858439,1.1717125066544078,1.1396475406196864,3.7350732334043357
DUT,P10234,E,VSGDSGWAVGR,0.045555340378643616,0.09181234037523173,0.07099579327542173,0.9188625584227166,0.9047580049608496,1.582720544995286,1.3483045533938551,1.2370093413877348,0.7520579397930209,1.5723451576681924,1.9165543472560567,1.4127167606986997,0.07268399931848456,0.059472148226484986,0.0269378591980558,0.5941939099313378,0.23135036388890418,0.6207652740441237,1.6683291372022553,2.089742611047506,0.8210792040803753,1.779725343684514,1.4693008428572318,2.7127266239150174
HELI,P10189,E,LNSAYVAMSR,0.18164298156226072,0.37459968324681936,,0.9669075952109409,1.2906017552692133,,1.4021705960596158,1.306440153562335,,1.3039056248921346,1.4122511811984086,1.0,0.28637322584708247,0.19670429747175786,,1.2320957537734025,0.44482789808100776,,1.501517695896438,1.958341458546812,,1.1253865267581247,1.0162335726236469,
HELI,P10189,E,TTSSEFLR,0.09577809294399808,0.38463786109186854,0.19207438816099504,1.3371519256467694,1.1177707247363435,2.2564453968916163,1.3807682222903408,1.17790749784497,0.16334516108994834,1.5691669909378576,1.5491994550353936,1.2612140634050977,0.3740774659776288,0.22243438703017632,,0.6676384289810562,0.5522672619930832,0.6017488788714923,1.2009809408600745,1.6362333411285082,0.679514138398954,1.374437932362275,1.359549471139656,1.8456579731818965
ICP0,P08393,IE,AGTAVDFIWTGNQR,0.08997929532932966,0.16124943442349426,,1.082484171939557,1.2100830528768347,1.7663392039271262,1.637101530763909,2.230890778696044,0.7449608937081472,1.4465645800749063,1.04874269852788,0.227373186885842,0.05906077208630356,0.07769915445562114,,1.5828890014802566,0.5679231802518332,0.32520175010493113,1.6542457576376408,1.9292392760678265,0.5848104089261056,0.44767489068809757,0.7741724247004657,2.3513145564478473
ICP0,P08393,IE,GSGGPGVEGGHGPSR,,0.11796708003786266,0.14162679120601468,1.2386387261264964,1.0773541212219782,1.0598448005421768,1.3591151428671282,1.508008547716955,1.3984127031026874,0.9418060731867854,1.2425653922698527,1.5897455181301294,0.10326523511744,0.13625556837460903,0.15409091960980556,0.9924345837130568,1.0470919582966423,1.1856656715070266,1.1954582275101127,1.4811226748015676,1.5953676025282182,1.1692820114789795,1.3896346572805338,0.875245993373942
ICP0,P08393,IE,HPWSGEQGASTR,0.052116521227096424,0.1452427027723098,0.23275971872281584,0.5906916616235761,1.6626232981102684,0.43765814593527774,1.7411851135953706,2.2213707200794155,1.1761466706463506,1.3705719616731922,1.2067801598276982,2.7649870702694233,0.1425357659679804,0.14199889031416946,0.11237963993240294,0.31253352190452016,0.5286991213124901,0.6198338384036287,2.2595303956762396,0.9842200201755005,2.5124819587234066,1.5308350583320243,1.1090650874081467,0.14375295736669577
ICP0,P08393,IE,YLPISGVSSVVALSPYVNK,,,,0.978964297105113,0.8192118452604361,,1.3956979160752445,1.8171085928279092,1.010079334213895,1.0869341747541057,0.640754156765581,,,,,0.5928164185755548,0.2941781097078677,,1.5402835075914374,1.7341824982363452,0.9899206657861047,0.40530368589854454,0.6945647972018602,
ICP22,P04485,IE,APTPSAPSPNAMLR,0.0836386322789788,0.1365053890301257,,0.9948918993812341,1.3679509333708801,1.5623049727108806,1.2598068119755808,1.8244451358881084,0.5324819466997923,1.145785467055941,1.226794746045457,0.9449482854167622,0.04817058881649335,0.05036322345365084,,2.854923170721018,0.608876592495541,0.8985552228839576,1.078801082453679,1.9872090024878806,0.7857666110016649,0.5339823473170744,0.7978549772283559,1.275942961286943
ICP22,P04485,IE,DGVIFPK,0.011575018230619067,0.03867617799857654,,1.7289892617982523,1.4226817356854045,1.4847388714963734,1.5657027654247262,1.9501341290092629,0.5985349288035255,0.6433895821876717,1.1068549876667286,0.7305336142002401,0.04206346456008107,0.018113136350309006,,1.0494221097835013,0.5899048766921696,0.6622460202801924,2.1532294168528687,2.076995330718408,1.0491607110533938,0.8056283811622799,0.7966396258791414,1.4747858541662755
ICP22,P04485,IE,LLQVSGGTWGMHLR,,,,1.2291751379452174,0.7026841791419219,,0.2831518376216944,1.105845731443538,,0.4505377652143195,1.0422047703542685,,,,,1.8186480086410524,1.3709334546151506,,1.9182338425280636,0.947188413201304,,0.3002534080496527,0.8311434512438177,
ICP22,P04485,IE,WTPDLGYMR,0.04923825680841717,0.07632297044901248,,0.7114393878475206,1.215561668492603,1.7108136477877947,1.2069014130454212,1.2222921043984214,0.5908273066714078,1.3356878121813165,1.3959348247170407,0.4144845037283531,0.0268979138369324,0.07248734997544072,,1.7171918727348905,1.5407970533171746,0.46092696011004924,2.2774195432864346,1.2906797806522645,0.5940615235618449,0.6752238002590667,1.1859242479980423,2.22888605814055
ICP4,P08392,IE,ALLEPDDDAPPLVLR,0.04913214735653181,0.27039192748382956,,1.1340959500968142,1.0381042232954638,1.9068028451595074,1.8551240350626343,1.9016359227217372,0.6837644389715004,0.9484049655272068,1.2791993078702946,0.42523103505790877,0.19096497526121198,0.21050699919209928,,0.24711959998196398,0.6040581588316573,0.33802470291035114,2.860672757304634,1.8812372462433742,1.1307342919507926,0.7144855694090023,0.8148662143615447,1.5154426859499401
ICP4,P08392,IE,GPSSAAPAAPGR,0.3743136222129575,0.23063636330787107,0.36005613103054,0.6864336976955997,0.9512048636979078,0.7764619700667799,1.082735988371376,1.1975795367933306,0.6698723392585283,1.8001003792406065,1.4150565974930602,2.93912923602221,0.17055844898984732,0.2619326677977649,0.14113536530363624,1.4784530116471968,1.0406983746342444,0.9372670127065729,0.8503561002706064,1.2880482021346458,1.2834169985543544,1.5570487515718092,1.6148433941411748,0.8926609470573778
ICP4,P08392,IE,VAGGSEAAVAAVR,0.10560613088056946,0.3321286338395289,0.37559985744492536,1.264306437638873,0.6231829081214056,1.1031143568491326,1.0826464470967343,1.3729693965113432,0.6121247610832566,1.4561935246200675,1.6118592104312741,2.005284474851136,0.2103833846370865,0.13057620753569027,,0.6223259529868441,0.19043356516591056,0.5143726773502899,1.5034148044148783,2.371960720363004,0.8779960103285653,1.7551233177249463,1.3668893580318433,1.5115078620926945
MCP,P06491,L,APPLALLLPMQR,0.005176831761705566,0.0286653241218015,,0.5305682637901645,0.5514932163008257,1.080796389507427,2.2086725377346323,2.4851608593346146,0.5827471730730136,1.8368336907904736,1.5337483428439571,0.5233095348378954,0.008323621995668844,0.012786268538983648,,0.2984156187209387,0.3079354896916074,0.1791146388331417,1.8063992959524944,2.147943736869408,1.9321035024971434,1.3056101392539223,0.9322667622988023,1.7019287612513785
MCP,P06491,L,LFDFFSR,,,,0.21422903935781598,0.35989486808880977,,1.2355331848866724,1.537464666162244,0.7971538010916401,1.6219672101514266,1.0939725033852845,0.6687466905745033,,,,0.09972919081563847,0.3099587341951301,,1.8772107130866134,2.145685560140517,1.1437101785571535,0.9513306617018331,0.553023668028015,1.390389329776703
MCP,P06491,L,LLQSFLK,0.02173418390218408,0.02265299109120424,,0.47815642006741266,0.4631751223229607,0.3084380389762171,1.1580010286348967,1.5182025135293047,0.940610852317943,1.978912716140351,1.8107368244709945,0.7242597060626644,0.015277427451942036,0.013689548551098399,,0.8010869092274452,0.3933212953065975,0.6222614003792567,1.9770477164331282,2.0716041170946156,2.034549804933111,1.5697835981426402,1.7066175876332241,1.3698801973308072
MCP,P06491,L,YLDNGR,0.030316598070701445,0.028558196992830107,0.03734986236908177,0.8322190306185717,0.7419314280585259,0.5311037838954469,1.6101004039001159,2.004835375409218,1.1742732013074997,1.664307409359935,1.4229868854002514,2.3334561278485513,0.029036424915066812,0.02807720585693823,0.022708772158011377,0.6928040390799498,0.7704599320861263,0.7154904526503771,1.623673822444084,1.4747097635838728,1.7912414351911137,1.517542271611575,1.528441212612238,1.3943763645799176
MYH9,P35579,normalization,LEVNLQAMK,1.525640977416836,1.635071039728797,0.8622829640909555,0.4765772993513017,0.7698609715573208,0.9323990428377498,0.7920870232809153,0.7592394166130187,0.8269195199873047,1.4148136793981079,1.1897558895207938,0.6895902463223094,0.9249440936329427,1.374361766209618,0.7807642638661526,1.1472733678659888,0.5311782538969594,0.7801727271809126,0.9585294565206507,0.8060269883608215,0.49630878607675605,0.7601341025332574,0.934505674112669,2.6315624496378587
NEC1,P10215,L,SLSVPLVK,,0.01738245886041926,,0.8108730938141487,0.44125225324459216,0.42460385193819966,1.2188458306076895,2.1243793896872316,0.5492543434709324,1.892625163826953,1.3071013648715544,0.8288262537075277,0.010237967304066828,,,0.5047266058115367,0.34459697226312574,0.2160577729041747,1.674274474889903,1.8497131213889126,0.8108539888769792,0.888416863745702,0.9155744396841644,3.170403789102186
NEC1,P10215,L,SSAAGGTLGVVR,,,,0.6909215172823324,0.2868602374641057,0.530427009785859,1.1819485919521358,1.3659913894132407,0.5482510566147286,1.5558573693675728,1.1728286005621877,0.9311777168766995,0.005563100007851795,,,0.5863347491271874,0.2899234134486266,0.2311017937924624,1.708881654975279,1.88294748484544,2.3712642278424614,1.27049301728764,1.0014488742664007,1.3877781950877888
NEC2,P10218,L,FMGPEDAGR,0.013929420941394516,0.03456394815655684,0.027906440028283325,1.0262834083533143,0.5424079900921626,1.2401364039282634,1.5510699165735313,1.7141640768827842,1.0489550677581434,1.5363728743343237,1.5396776740919826,1.6513505973810803,0.023731270242867183,0.01934394137535827,0.013583795029737333,0.6023977136005145,0.3351359206849357,0.6045317773016712,1.8621652607666663,2.505842466173738,1.0814327088815852,1.3840501351873875,1.3088639825424824,2.3321032096912364
NEC2,P10218,L,GGDGEAGPYSPSSLPSR,,,,0.6133624446102521,0.2434543858956882,0.292293685830049,1.4621822077250397,1.8794272250665893,,0.9759232491514652,0.6842314527956975,1.0225565608142297,,,,0.5370749855271072,0.09386895925321873,,1.8318381413800588,2.562798754681602,1.4279276414497986,0.5796189716060777,0.5362192223072043,1.2572221119059226
NEC2,P10218,L,LIVPSTLR,0.016400888597456365,0.029198270938060503,0.011359652596637973,0.8176075928856278,0.6219306857129376,0.9683395882333795,1.4520483214910704,1.9406335151825236,0.8290700301639541,1.8302325444412717,1.372116020810571,0.9992514337942177,0.011005731652821293,0.019028410399510712,,0.892790563909538,0.4547478251326546,0.3590954097162024,1.9807499740969594,2.2625635345407935,1.437259866824737,0.9991643829252546,1.2997817372829492,2.395624018670872
NEC2,P10218,L,VQLAFR,0.015646026097709473,0.026889497292444664,,1.2254236079298542,0.6079192388093339,0.7015992161480415,1.5628687167098194,1.8405915388047853,0.7190952647876951,2.33511713671254,1.568729338046948,0.9800711187447947,0.013871574515733042,0.011245069552900165,,0.8444664993653392,0.31884531672031874,0.29674845789173354,0.5851837924390116,2.4707499647180104,1.714315289734199,1.4174226462299933,1.1550300360552588,1.588170652693536
RIR1,P08543,E,ADGTLPASTLVR,0.10205627289171215,0.18577416335510316,0.11615641734281966,0.9055983316087489,0.8217764842135127,1.5153258977657924,1.5093957672654117,1.8247058375803273,0.8495596116159592,1.5617354007437887,1.5523986125872116,1.2928008092165195,0.15292341108520685,0.13467190957517905,0.0849601334412709,0.8440117420464783,0.372204165554887,0.5878057894400587,1.861434740421247,1.8913419888609309,1.0614304314633183,1.062844333937406,1.2171268382728486,2.491960909714261
RIR1,P08543,E,DGETLRPNTLLLK,0.35350436564948506,0.1780880059052503,0.10259644416794017,1.8127398224898166,0.777479334318158,1.5025633597811356,0.9542035329761978,1.5116199865849351,1.4434751318488164,1.0052841122662397,1.749082974840597,1.1850904419478965,0.0659488630920935,0.16776076013865748,0.07172316214264643,2.0097216110059644,0.4937882077821746,0.754146229632558,1.152754267030581,1.838741731103468,0.3816597933545459,0.6458434254896224,1.2834389993267596,2.558745437124461
RIR1,P08543,E,FLGDAVNR,0.19969936644135944,0.21462156446995515,0.1724994459484723,0.9722797274020926,0.8220889144107363,1.3648929155472327,1.4147591539142035,1.575373690730552,0.8218672374141116,1.7093788017850875,1.8535668483932357,1.4867367165227101,0.16836881117361469,0.19944457980170174,0.08169895449369341,0.7484425348526066,0.41068939191385806,0.6061886382867442,1.4710933507022734,1.7326147604640312,0.7208364761151176,1.3159782537287628,1.1916002498159302,2.7452796156719192
RIR2,P10224,E,LSEGELSFYR,0.02747710487242341,0.19715994146767554,,0.6982881063637763,1.1307127215852475,0.7129762776676293,1.7619543212300743,1.4163711980533906,1.4735293027710943,2.1897432853259446,1.9377121200171195,0.9272920788422121,0.18865519344907578,0.11411444356964788,,0.22990108776064178,0.4593446972390192,0.5832118469397298,1.69462087551901,1.4306348280869998,1.343011445477648,1.2093600254790533,1.3139500499809,0.9599790483016873
RIR2,P10224,E,VDWLEAR,0.1514326267435199,0.14910593806496372,,0.9974631949344427,1.210778014780818,0.9209924234529293,1.5905108084708632,1.937336470080859,0.7775947947555014,1.232038132841556,1.6673458297867965,1.8876939093576663,0.20581316117026516,0.16280882654534135,,0.8217293549515364,0.8769475459545104,0.6247446001307474,1.8087536994356803,1.2652316878535197,1.2664406758405888,1.1922590214521362,0.7304456869331913,0.5225335964625671
RIR2,P10224,E,VTC[+57]QSNDLISR,,,,0.5382405485230861,,,0.48904719458548984,0.5862111988466594,,0.9005367109103615,1.1042261643378113,,,,,,,,1.2054747717727616,1.4727190166062618,,1.8667007742083006,0.8368436202092671,
SCP,P10219,L,TYSPFVVR,0.0050009856497734125,0.010863713375152987,,0.6256796788580249,0.4893533582508626,0.34007236975419597,1.5630688127648555,2.1082838468643073,1.2977579154851324,1.6064376483047558,1.5798878224474084,1.1736560335170712,,0.007088622460431214,,0.4520337008010965,0.32039803100621317,1.006651597124794,1.9483098405816144,2.3332399859753172,1.6261739936189277,0.7994693330398782,1.1508846196203077,0.5556880904998789
TK,P03176,E,DDIVYVPEPMTYWR,0.16761830995829002,0.20016574219120736,,0.8387162738547244,1.2621377144816208,2.576903688382455,1.60941059788999,1.474016770817511,0.6791956067138175,2.136181225588228,1.5756523782971938,0.5222712101936846,0.14292526293020122,0.1279425743620033,,0.9103577484623504,0.49634153771422185,0.39386677750239407,1.205595711316366,1.778880374965051,0.6146466617183058,0.9891948699998498,1.084862907171192,1.2131160554893432
TK,P03176,E,VLGASETIANIYTTQHR,0.20707342659548894,0.17752554311939725,0.05697971250583685,0.7035937290890646,1.0589815511306255,1.6136489220396817,1.5117197988702933,1.4728219649374437,0.9378296369417853,1.7480559909781286,1.7491348065614223,0.7966354435239472,0.14107751609667565,0.11876912390553673,0.06900535282248817,1.0547778527643665,0.4417209246336748,0.7329196214084501,1.5590880576748465,1.6460876004784972,0.5749903247188962,1.0746136279311347,1.334958485233403,3.217990986038915
TK,P03176,E,VYGLLANTVR,0.3508876985400609,0.1458100886690392,0.017371253634568443,0.48468860222617705,1.0091455965414102,0.59283881959648,1.6200647167010447,1.176914211537802,1.1222644922233669,1.3181472011903466,1.5439184201296048,0.40233344857789305,0.07798730051320865,0.1485707717135953,0.10131371295246247,1.8850272745977992,1.0036098055178235,1.8888285250044463,1.6005260530096523,1.2135685863329302,2.9800387192277555,0.6626711532217113,1.7584625195577948,0.8950110287830282
TK,P03176,E,VYIDGPHGMGK,0.22708253591126548,0.1908137853035043,0.21811223229102278,0.6342863620997291,1.0531166115355894,1.5346571263264654,0.72944557286595,1.0510408831113414,0.7697862470159087,1.9837736739225338,1.6569563506822689,1.9683616259360244,0.13912122621463668,0.21449992746551907,0.09381867607829357,1.3482580048980146,0.9934878425162872,0.6764713092097133,0.9913480294729426,1.080784962720025,0.8260327698591494,1.9466845946149285,1.7592996366654645,1.9127600132834228
TRX1,P32888,L,AGTLLLALR,,0.007812150372427342,,0.08224892522194441,0.30621166760955826,0.24417953539813902,1.9813976913321503,1.7672715592519572,0.6374688628364037,0.7920765918380726,1.639224050626394,1.0720251161262917,0.005881934512552245,,,0.29869104204914076,0.15504458343022287,,2.3545494511296607,2.110925766875195,0.8810139298735787,1.4851543639164793,1.0135102218342462,2.1653125557655875
TRX1,P32888,L,DTAGQGLLR,0.007979453617745729,0.01939087040226923,0.009999208033678913,0.6408445212997391,0.36840048935965825,0.5274475126523526,1.6276083306765274,1.6794090652236795,0.8840069061781998,1.8748775223420553,2.00756911628528,1.7042948220352496,0.013170395942944921,0.014399805700650052,0.006169033802639255,0.3627056822752887,0.2408422894786682,0.3405890407863777,1.7366833536133468,2.041248574730602,0.8046051225321733,1.7361307402323516,1.6287397888191926,3.7228883539793296
TRX1,P32888,L,GGAALIGSPR,0.007057679442250737,0.021946657776320426,0.018639620926149632,0.7294780585301983,0.29881371232019244,0.5023902521583924,1.6640300307826896,1.570586869932314,0.7803455702007348,1.9045395402718097,1.9287244366469825,2.1921745517942592,0.011572008483717143,0.011645155487437293,0.007731555209901073,0.3081973968281883,0.1952906741999525,0.37502640523354913,1.6258413213511886,2.202151760741493,2.50537172068014,1.749283964309957,1.7708407328953084,1.618320323796875
TRX1,P32888,L,GLEPALER,0.01086237482853543,0.02165676634980307,0.018087368747493126,0.5228065364068689,0.32062276734770084,0.3191604521758914,1.7172607911106657,1.5766907959450052,1.4641764422945323,1.995916876371032,1.8609133157245221,2.5248735649676224,0.01439533160125919,0.012244784379451418,0.02271689481942493,0.39749815222282814,0.20996981451981567,0.5975361245092005,1.718908759066156,2.2156914049668965,2.0390637749533926,1.622351178392655,1.7822103507668057,1.0143853775324425
TRX2,P10202,L,FPAVITR,0.032469203602566,0.036493284036381586,0.027568124461732083,1.0182382303655768,0.4613016648206385,0.6489650842711203,1.479769667913772,1.8483368443147667,0.9027774481126413,2.2274102540866916,1.996562013655181,1.6981410041397502,0.008938683277654885,0.020231070314375692,,0.8555475602563632,0.30137922698761666,0.47232968576752526,1.3578287667301603,1.9065393691717576,0.6888402072322015,1.019797633767214,1.4291565266992818,2.561378446015029
TRX2,P10202,L,FPVPLPSPLAR,0.012009221190992464,0.021791119664098094,,1.1737121241005017,0.6683253093108901,0.584429027196777,0.999907564777355,2.334319188898711,0.8513650530908005,1.8464335968720773,1.5556269755520606,0.8357255926755528,,0.014471695736352813,,0.6048260649012125,0.4232368368741188,0.2580307850490016,1.3885239622001637,2.0605653691385752,0.8744114771584304,0.974587465957697,0.9216635048251938,2.596038064829438
TRX2,P10202,L,LDSLDLTLR,0.011910239458718004,0.06273086065039822,,0.05352830107411629,0.47153639416486826,1.4982603805268857,0.6886720477524612,1.1232659775196405,0.576587725319279,1.4363064208154621,2.32813755522977,0.6406090963364761,0.05406598320789759,0.03994502727536973,,0.6334760345417068,0.5402233584054058,0.09847499318925017,2.5639490700488854,1.1516878666409656,2.735052311324026,2.5580919031007534,2.2824729601135827,0.451015493304083
TRX2,P10202,L,VVFLPTIR,0.019101634860538445,0.029658540272152156,,0.40653015460647907,0.48327506078584115,0.3237653189200659,1.0630649449928404,2.679058662671422,1.4403778883672782,2.635370428506693,1.4653742611598675,1.2997918392803423,0.0038950760228619453,0.010581634875494813,,1.4357102681876979,0.22698469468994956,0.48232535274771865,1.2725663713450497,2.1643741829144107,1.5380725070692223,1.1637611214778398,0.9406929626308624,0.9156670936153721
TUBA1A,Q71U36,normalization,EDMAALEK,1.3699586698356438,1.7083691553933162,1.5090132667754061,0.6908442514172282,0.5985556678590672,0.998227305046794,0.9275753827356076,0.6654256344847785,0.6867519214109211,1.7298248388180693,1.3544595598745919,1.5203472022722717,0.7476133782552782,1.5081467676909632,1.0245131971802468,0.6396125129206403,0.457334752039313,0.6909434476761468,0.7212937085112143,0.7389953481286757,0.7681275153153594,1.1732772575063195,0.9687131145292933,0.8020761443228545
UL12,P04294,E,APLAIGPLWAR,0.052097226713859864,0.0685519867853864,,0.49759196438672504,1.0736624333902371,1.420937604901552,1.2510183285328027,0.9783446073908286,0.7723979077717202,2.039087598211281,1.8629455156138672,0.5121138114380218,0.03258884689616688,0.053094850821611285,,0.6113720612618612,0.891220931049657,0.5069063594857435,1.952905693469491,1.2173467075829991,0.905749334744924,1.5633382805278122,1.8548329673654127,1.8818949816580381
UL12,P04294,E,DIHGYLAPVPK,0.039401173522338497,0.05083476531500654,,1.7850447372373137,1.2135361676680847,1.5151635783110713,1.457558479274853,2.1192216948731533,0.497302896207153,1.1251058944056516,1.2372884559276633,0.6665013083879938,0.053201483790226066,0.042516678443773444,,1.1853655775134846,0.6401790778653546,0.5685487432203191,1.4268862584807263,1.6362084203118252,0.9698926460253269,0.9274363957754069,1.0602147395951387,1.782590827848136
UL12,P04294,E,HTISPVSWSSGDLVR,0.11310209971001979,0.07834259147191537,0.040551317981265524,0.22024653734847266,1.0764439658403828,2.492673938574107,1.122389195675642,1.070001440533523,0.9345044582406196,1.8650152392280712,1.7354968428972597,1.0413139781637155,0.06938934340911931,0.08414941804127023,0.0529011750169219,1.5943717126512111,0.9417046024621482,0.7056085906421676,1.2652572738202954,0.9870442973403161,1.3696727618675506,1.7502285981571681,2.026816841413184,1.3627737795136527
UL12,P04294,E,LEDGAGALGAAGPSK,0.045277995417482814,0.05858040567527548,,0.4009763685280624,0.7544271950661601,0.7979550060987104,0.9666657360411522,0.9147705380625868,1.4468997909448384,2.771270842522256,2.405882950317506,0.707869309562771,0.012684201621547871,0.07006463520153873,,1.483438779353598,1.1383561038977268,1.487954294688301,1.1420884308964923,0.7284064590227761,0.860323679305632,1.1775976456194093,1.9295117127564296,0.6989979193997473
UL14,P04291,L,EGVSTQDPR,0.12613175697904172,0.14112162164902198,0.21142741052424077,1.2984023570410557,1.232213084328308,0.9334284476864448,1.306879284746091,1.629809450687914,0.8511486051014555,1.3463273885759584,1.2323612626238447,2.5791037174250664,0.13574776073724354,0.13249995979798515,0.09795108873304334,1.0713601059404512,0.8893981144965625,1.2031704341785083,1.3873222291965055,1.3762005071053613,1.5270190897218028,1.3278291167836531,1.3663959993110026,0.5967512066294384
UL16,P10200,L,IVNSVFVWR,,,,0.16029709955251484,0.3361464810619387,,0.7749643075169333,0.7385971317411463,,2.4872886107702454,1.7982335928539812,,,,,0.13832584580755916,0.40201286944038894,,1.7401964218865371,0.8852678152867177,,0.6989277144662095,1.839742109615827,
UL16,P10200,L,LQEVVGGR,0.019536153942235394,0.034264247630207106,0.044584385801315914,0.743225633929049,0.33222049374600415,0.6652066139682898,1.5442750842306356,1.3083977768460373,0.9094434336271086,1.9534513391413182,2.188697960610717,2.7966955011613486,0.028515907624453826,0.03199096854055941,0.019654651237755043,0.40300810294421396,0.14814264836805652,0.49664801230568373,1.5398439466647722,1.8416140733118942,1.2722702525895395,1.7681438315233213,2.114671830946525,1.79549714930896
UL2,P10186,E,ANVPPPPSLR,0.3133853511735792,0.17952068583230302,0.15163874680842357,0.5339180625660729,0.9109971765958302,0.8469555348124698,1.1378494857983925,0.9173164829405307,1.189550136161952,1.8288212497029825,2.050770300006743,1.9134164469133763,0.12301747013163304,0.2149987748516839,0.18742596787675886,1.3271645838434551,0.8696322242241744,1.0002513792575294,1.2854433493975292,0.9666222219816052,1.7780816178233574,1.4504004473863554,1.89014213356713,0.9326801703461326
UL2,P10186,E,EDVFSWTR,0.0935360719662439,0.18227799782015203,,1.888700438406837,1.7794039556401569,,0.9147636315163806,1.3173589027040677,,1.9681054464760974,1.6281135935000433,,0.10384145339851471,0.12318845040785195,,0.8996264927855608,0.39232522308916695,,1.2669741320139891,1.424574198144977,,0.8644523334363773,1.152757678693584,
UL2,P10186,E,FSHPSPLSK,0.1556294961998765,0.19767899093704022,0.26882084374599424,1.1316234598641188,0.7025761180641972,1.4514610108297619,1.6756777717050153,1.1831503835363373,0.6188337803545285,1.5692188828894267,2.136944404561786,2.5100272972375874,0.15196867096315902,0.16174912046163117,0.0839086962168816,0.8024630013977954,0.11666900926000114,0.951339548133483,1.1904085649359646,1.6469547426410074,0.7359878654866873,1.323010152044645,1.8542772305379986,1.3796209579950744
UL2,P10186,E,NVLAAVK,0.1876893318330494,0.1423182992380057,0.23950586655264688,1.0985104596013973,1.1348257666825556,1.0706242285696632,1.2513169903203942,1.149824379992316,1.2719929538237558,1.8277374577415235,1.5981584053083966,1.5034026774769984,0.21851449514431162,0.17576370319864457,0.21612159402022063,0.7759741734867238,0.8928211643745496,1.200658695274487,0.8525628210001973,1.1515831261579446,1.4795241589029389,1.7876942708724026,1.7547051550475872,1.0181698253792908
UL21,P10205,L,LFGSAGAPR,0.020322617448856342,0.022716211765025186,0.040285937451376944,0.289383746454842,0.22177373593082644,0.3601430722021687,1.1831752869967085,0.8084530998118776,1.3544670883734762,2.9388917059727473,2.684791620863784,1.9385200712243236,0.02255657776870167,0.02299565747188173,0.042127760911580506,0.2706886030220429,0.26190071100566686,0.3807981574752204,0.8895383841267714,0.8536685546365619,1.6716593167690097,2.3854430782093305,3.123700408514376,2.2119985955928434
UL21,P10205,L,LSPFPALVR,,,,0.20892443757787252,0.23788825071066644,,0.6635543559790908,1.2258424971692339,1.112101153431703,2.8263565427110584,1.4826485165649645,1.2109099512003716,,,,0.6213653482199802,0.08656591592063871,0.7607162893631939,0.7019240721639783,1.5226761026724749,0.9073774834659764,0.9778752433480191,1.4443787169620215,1.008895122538755
UL21,P10205,L,TDVVITGR,0.0323190780710226,0.0171438924190994,,0.4195966241914254,0.22725535998283097,0.18942058320827382,0.7388887044906679,0.8823820799319326,0.6221168225245568,2.3353317055628158,2.429931224094247,2.9129766492748277,0.015857798250445754,0.019925361529398958,,0.3577314437998313,0.2625296316290003,0.24148801945039922,0.6751915120285182,0.9376712570322313,0.9427835653692005,3.4250831336052725,3.223161193381259,1.0912143601727429
UL21,P10205,L,TSPGVLISGLR,0.01037721885763857,0.021442802675679367,,0.2529485888507633,0.30865371125432184,0.17121183145917107,1.10586017428078,1.3634380627878127,1.4286815372916215,2.8976285153828987,2.492557556580973,1.522573448001913,,0.009647650550620817,,0.2719351000954919,0.13928603763783784,0.37387035262769314,1.2146440371111875,1.554828707041283,0.922518505893428,1.2466063654212394,2.110145471471471,1.5811443247261727
UL24,P10208,L,VSGNITAVVR,0.10532601201037775,0.06008668786853077,,0.6087840870636987,0.8440334287379309,0.6193434219469968,1.31908919000661,1.2433286383629765,1.3103072609576756,1.7487753402021329,1.6898173083183108,0.8920185672087998,0.035359341574308645,0.06277001312190685,,1.5500947649814567,1.4803828000676467,1.19653530649356,1.6511245986893468,1.1507528862829084,1.5119528696829774,0.981446665472069,1.4688282372397898,0.4698425737099901
UL26,P10210,L,AADLFVSQMMGAR,0.027425583244785442,0.03564767888426913,,1.36921109697196,0.7845887918986619,1.079501780601799,1.4675818482755814,2.315836867637065,0.6763443785564986,1.2342108510694187,1.226856639096985,0.44684561487147045,0.03644295317986342,0.018404986128172367,,1.1543480411072509,0.4071834645677185,0.5906089297306634,1.7502212729397428,2.1269204363722842,1.2052197496974102,0.9605583532113966,1.0845611354148434,2.001479546542158
UL26,P10210,L,LGTIVTYDTGLDAAIAPFR,,,,0.34520768384168526,0.3051690182060617,,1.0238921195704833,1.3546133254329706,,1.5158984357415892,1.6239615064847104,,,,,0.749997091102009,0.21671954006963037,,1.4818065737432935,1.4567241839861977,,0.8831980960009408,1.0428124258204285,1.0
UL26,P10210,L,QAGGQPAAGDPGVR,0.006270210446987306,0.013357427820021606,0.022760952495042844,0.9272149341879712,0.2207155181569644,0.1814626924395861,1.5349472775968747,1.152346330190557,0.5511448885173755,1.6856253348388817,1.7296079412918797,4.264529618283682,0.008554750865433216,0.008468122499262662,0.003897859596508323,0.5411738608383643,0.2028805643463881,0.33690777974849345,1.6280075610666531,2.4749735225082907,2.0724381671267142,1.6682060701588346,2.1976505731866367,0.5668580417925981
UL26,P10210,L,WSLVAER,,,,0.0904715592554996,0.2752951468566098,,0.8384089724587023,0.6761537339671776,1.1605521198015931,2.123076460909998,2.0142802687202916,0.9486161151094419,,,,0.24580877734138237,0.4749081279858205,,1.4411717021166093,0.7794876829671155,0.6980777610104552,1.2610625279178087,1.779875039502985,1.1927540040785096
UL3,P10187,L,GAAVASPDQPLHGGPER,,,,0.20979217262433034,0.16536183603325605,0.1651819417228881,0.5702800173777588,0.8084190309247222,1.5987747185443946,2.3337137859399486,1.850386636316989,1.7184945331289423,,,,0.6575517886839188,0.32031508035617623,0.5656061427143947,0.8129792293618647,0.8265061297471532,1.4391340705018518,1.4156830060121781,2.0290112866217034,0.5128085933875287
UL30,P04293,E,GISADHFEAEVVER,0.19079897372473778,0.2749595921600188,,0.2799966401542631,1.1872369807744516,0.8014008923331933,1.3096144779658674,0.7498348395527114,,1.5080273453151878,1.5113326097850732,,,0.28873913520836314,,1.2605552281080428,1.8172567217518047,1.279352198094182,1.907407853338864,0.9024181692635332,1.4625534549330297,0.543599481393038,1.2682219515040443,0.4566934546395951
UL30,P04293,E,IPQSSPEEAVLLDK,,,,,0.688469575443194,,0.39317138952432723,,,1.2088551565223533,0.8467927135273179,,,,,2.1071476520287047,1.6837285241732358,,0.60097702891534,,,0.6898487730092748,0.7810091868562521,
UL30,P04293,E,LNAVAEAVLK,0.2610209463718341,0.2711565310712007,,0.4520370834332813,1.3551386683781945,0.9443519642996279,1.0381757436986883,0.878972716450031,0.9768088705628101,1.4492597183693319,1.5041524738161531,,0.1290436696363004,0.24070028686931447,,1.6231070982919376,1.4142059829755704,1.288472231331196,1.850932325713645,0.9077741862803134,0.47256910011996156,1.1964234144849821,1.4278991541592234,1.3177978336864042
UL32,P10216,L,ATLVGSFAR,,,,0.2840583597442127,0.4857307835176322,0.6067788913906953,0.8151876902723926,0.7101461633136575,1.2572385320527713,1.7052465914853296,1.8845594402501158,0.7275867599344014,,,,0.6826895754524024,0.43299100059872336,,1.3310168137759995,0.8560759760820137,1.2485666687539958,1.181800969269664,1.630496636237858,1.159829147868136
UL32,P10216,L,TDGGVPGR,,,,0.39533453388332757,0.5767506029860233,0.45042958045055265,0.9783576865507158,1.0503379513280504,0.6086403990870166,1.213738673569607,1.3170947286694916,1.5914674667489717,,,,0.4214610107443627,0.4606199422546268,0.4554698008919496,1.4331067374917126,1.022813547234725,0.9262641922763237,1.5580013577602738,1.572383227527082,1.9677285605451853
UL36,P10220,L,AGAVEELGGR,,,,0.09848808005458615,0.11211689892059885,0.1088884673070037,0.6767916584557595,0.963609690506089,1.153073784514568,2.2728454768383646,1.7620043665299998,2.501675460027243,,,,0.22310081513442742,0.17596693580561418,0.2807031367492251,0.7474380574744582,0.9600831823305932,1.1419912262442204,1.9813359120424028,2.0262189259071044,0.8136679251577403
UL36,P10220,L,LAGGLLER,,,,0.1767654955318532,0.13175653166954232,0.13998210998618696,1.2070078606361443,0.9276380014501093,1.1677675846534437,1.5613658569570932,1.923845509799481,1.7934017277102825,,,,0.15588169936332713,0.18443501002503945,0.2139331537840387,1.2998689405824042,0.9908293825899462,1.6649421099094261,1.599110146929178,1.8414955644658815,1.0199733139566232
UL36,P10220,L,VLPAFSAGGPPTR,0.0266629053083235,0.016954760270869083,,0.09234975193890764,0.10206538492910046,,1.0550589685805425,1.215910256987083,1.2526656486807113,2.469506093481948,2.6300973916244965,1.0821134331223572,,0.011833803599400852,,0.4696415886278131,0.23273427984991832,,1.720739504361689,1.1442713289039605,1.0784558430742066,1.1660411877007772,2.6461327938351706,0.5867650751227252
UL36,P10220,L,VSGGPGPLVLR,,,,0.10997675919659111,0.10582274422617684,,0.9810657675541227,0.8775739277303609,0.7622108342644529,1.7639711373839737,2.125051544576194,1.8953705332419828,,,,0.2717409119197292,0.16114875353549296,0.2347332186134875,1.5837476464314808,0.7676853554950286,1.2885346475409702,1.2894977775141028,1.9627176744367472,0.8191507663391063
UL37,P10221,L,FSSGQPSLLR,0.031734681510611894,0.07517403836689225,,0.8220830279468005,0.7118646250479034,0.9884157127906762,1.4357700400838547,1.5582075788550966,0.4973044713796663,1.812705639417892,1.845173442872697,0.8087189471386792,0.05183814796929812,0.050407179306659555,,0.5416445818073256,0.3556431662631629,0.22947084437817025,1.84391822944199,1.901447391489244,0.5525330874130645,1.460305651822227,1.5020825777983453,2.923556936899743
UL37,P10221,L,GVLQDLAER,0.08326653473799767,0.06944725128922763,,0.19091891713313014,0.7223224693639086,1.0592547941120194,1.4140605084860824,1.2903249770767036,2.394255827799617,2.094505771365373,1.922824076233462,0.2250796611915603,0.05866179663325415,0.06653599890647537,,0.7367744807762528,0.7368131553173326,0.6286330836444831,2.152459251082564,1.3239248473513305,0.3355039633292626,1.269352739785345,1.8678072244615609,1.3572726699230582
UL37,P10221,L,LGALITLLEPAAR,0.019577041723222256,0.07351582667602477,,0.3047103358296523,0.8221988360581665,0.6578372457680369,2.1864780606292618,2.363000828517377,0.43129178066970797,2.0645059023076877,1.501910379864161,0.2998347062207955,0.02519399655180465,0.047056936220233846,,0.3795541656708069,0.34756951785426915,0.1478229374917087,1.6477627198929978,1.760328526462929,2.8654362653025265,1.3722177773945656,1.084419148346839,1.5977770645472245
UL37,P10221,L,QLEDAIVLLR,,,,0.7451730430793271,0.7285642961030732,0.6142672174075282,0.7511517341403278,1.5235893499608943,2.102523241123094,1.8951064615032138,1.2931118221279114,0.7221702874286857,,,,0.12606163695605568,0.18304732542611477,0.31901672929858405,1.892383754246312,1.4476035544531425,0.7186221175669638,0.5901233700747641,0.8240836519288649,1.5234004071751444
UL4,P10188,L,ASLTSALPDAAQVVHVFEYGTR,,,,0.6733052181383474,0.7238902669048407,,1.113376383240635,1.4859853255192812,,1.3643886916389998,1.1118032010323173,,,,,0.2669424148317538,0.21183820940684253,,1.8065052198244445,1.4877970841134018,,0.7754820723258201,0.978685913023316,
UL41,P10225,L,FLEQLR,,,,0.37486839510342135,0.6736402495531235,,1.0636062905683674,0.9666532919986685,1.3046871027148936,1.029577769404905,1.2620459625183305,0.45922898831291936,,,,0.6992089858687117,0.8481347102935866,0.41300006864281974,1.8379500582531765,1.08917655918784,1.8230838403293674,0.9947885008014182,1.1603492264484512,
UL41,P10225,L,GTSLASGTR,,,,1.1489839797230925,0.9070306604846569,0.5984850913679195,1.2734833584609917,1.6802848768726022,0.8727962728459828,0.7845460347980514,0.643238775120006,1.0934344418221111,,,,0.844074135066771,1.0435189197922665,0.9878829752396071,1.279191188464246,1.0870128185532397,1.5838571127618284,0.669721303486847,0.6389139491772299,0.863544105962552
UL41,P10225,L,TQAPPPAFYK,,,,0.5316737549824676,0.6386294089581777,0.5237975929861124,1.0292295708602976,0.9721127862883279,1.7076837112788308,1.1982748646813375,1.144421541964583,0.6729721073074344,,,,1.0894465303391203,1.2917476775851897,1.3847844549264448,1.569939452860855,0.8623266562395735,1.3507432968585014,0.5814358262759214,1.090761928964148,0.3600188366426767
UL42,P10226,E,DLPTGEASPGAFSAFR,0.00553096354856058,0.014029165573322084,,1.4975980888842246,0.6396916152899236,0.5326997166173063,1.4819906768356115,2.129840082444882,0.7570895517946188,1.0998696257428924,1.2916409653822472,0.7857933989687527,0.00757754790389528,0.010290506364847025,,0.7208580845158928,0.3792042075986647,0.41560340953660535,2.086146266330473,2.3620308306092075,1.986582846401409,1.1004287462384503,1.1732726267369051,1.5222310766813076
UL42,P10226,E,EEGVSSSTSTQVQILSNALTK,,,,0.48709932088233576,,,1.054191666576416,1.4242832642715886,,1.4051904950668115,0.671472036820597,,,,,0.5805331566856173,,,1.9532998497061993,1.3802793586166349,,0.5196855110826197,0.5239653402911792,
UL42,P10226,E,VELAITGQAPFR,0.00965865479848758,0.012655392373492426,,0.6218326595118303,0.5775053377276445,0.2784448803281146,1.6197027816178795,1.4459524940235464,2.1525091514340686,2.0624276374450927,1.9585726197267228,0.8355418283263641,0.011327270941729698,0.013918950762483095,,0.6296746916014235,0.859524146946858,0.523806879027144,2.118596480614644,1.4093676198915817,1.1641880158695854,0.926779823468912,1.722503438547672,1.045509245014724
UL45,P10229,L,SSGYWWVSGDGIR,0.05031621054594644,0.08279134703181577,,2.517464556881881,1.2308386452136355,1.3225728673683896,1.1754052943082378,1.9828761155046883,0.34261265631004273,1.1636876399903848,1.285163556521922,,0.021907625658085003,0.04761663887672814,,0.8101201148477245,0.667664531952115,,1.4069182136113239,1.9350428278524014,0.34593083916352985,0.8541803441564169,0.768006337046693,1.9888836371580378
UL46,P10230,L,FLPLGGSPEAPAETFAR,0.35196277522371855,0.11520067553337765,0.052511801961278214,0.598391120336723,1.2643814327737268,1.9318513433797906,0.5581727441908048,1.9296701288662892,0.9253129607866653,0.4752564482528134,1.2561266931089765,0.7189985913765673,0.024658593263021795,0.14041050002027797,0.05534224942398803,5.061435091362408,0.8868591037874829,1.1765224169918338,0.7548640540088711,1.5938661120548392,0.1070752651228593,0.17525917336163993,0.8134853538550297,3.0323853709570163
UL46,P10230,L,LANLWQTGK,0.11617769727257479,0.14711260454930097,0.059446543973754824,0.8161309361387069,1.0649940261810968,0.7895200184118185,1.1659750254571537,1.1831477114870983,2.0812455010137136,1.6729281576493564,1.4731941215342126,0.9643678806362849,0.060728863673763366,0.1411614803632625,0.1160696546378194,1.3770282527125086,1.427991867788692,1.5113741500824882,1.7231518181311372,1.2309147606882052,1.5753500046327322,1.0678792489647986,1.3314834274081313,0.9026262466113883
UL46,P10230,L,TGPPPPPLSPSPVLAR,,,,,0.37463118244868227,,0.5477125974444709,0.8927370966403514,,0.9291588396837932,1.1410005860250958,,,,,1.3674318645540227,0.8579707611826811,,1.1556966983177128,1.4347634564755969,,,1.2988969172275917,
UL46,P10230,L,VYEEIPWMR,0.09597529202903701,0.1669883107182278,,0.47541204435014406,1.1434262345813493,0.5257629610410419,1.2605849925411456,1.096790116018266,1.3363647420821136,1.7178136235829145,1.4373563885624931,0.5072626611825792,0.08168085668884428,0.1619192256284784,,1.3563839217668183,1.2657405177178276,1.6267929936452659,1.9171524433483682,1.3537616126133734,1.6299006853131799,1.094996825692728,1.3740175941599844,0.3739159567358192
UL47,P10231,L,ATGLGGPPRP,,,,0.1260598053847413,0.13922465327193256,0.11965578361537638,0.8183033742649343,0.9960212791222125,1.0410428164844236,2.2363312324850013,1.7813916892694077,2.1964488300004272,,,,0.2402888920252797,0.22252228453169023,0.19708059825575813,0.9088991412207934,0.9899268328049056,1.5008450362100503,1.6701175546192495,1.8709132609998522,0.9449269354339648
UL47,P10231,L,LLMGDEGAAALR,0.011629476888114346,0.01318087064578987,0.009890410484396902,0.2754339623258919,0.17796465145647672,0.14752328919628163,1.175078203979727,1.3277782144478523,1.586799900477488,2.4590714966331366,2.4761106382458635,2.6639878672333723,0.008469762735887594,0.013264796323651977,0.007909900187464477,0.29847049336341364,0.2544673586187118,0.19980013811993852,1.6488528980073212,1.4222638309190065,1.682212605114152,2.1229937060665076,2.314969639342648,1.7018758891869077
UL47,P10231,L,QGGYLGPVDAR,0.013959668118490514,0.014545402924974577,0.009681705267856534,0.23352629436382596,0.17787431577827753,0.17045626457234062,1.3567925296430299,1.2603255173169265,1.2422731499772088,2.338824962066151,2.4188995835585865,2.619091592929072,0.010805061641635956,0.014257535525581046,0.008948489859003353,0.3497674429669919,0.28240841970579156,0.18753427644493295,1.6856452946271134,1.2019016973842989,2.0264164129208546,2.0106787465727614,2.629787527805564,1.7355981080287306
UL47,P10231,L,VEVLEGR,,,0.015612580929208881,0.07166781784154677,0.18974811241645256,0.30985267214380985,0.7600880899577902,0.9758810894473138,1.0201448796476449,1.6376747785054706,1.929692478640862,2.6702660218241294,,,0.008707456968023703,0.08003756259228248,0.2641696264275386,0.11798637045711423,1.0082795831846008,0.8137433342161663,1.058414237997783,2.442252167918309,1.8267653588516675,2.7990157800322866
UL48,P06492,L,DGLGLYYEALSR,0.010105292622147875,0.02854575628836023,,0.7912507463684674,0.5362437422286086,0.6656414525795398,2.304121760266963,2.2005265639167626,0.8118709610387616,1.2757591151906724,1.773444340180733,0.40717791357177224,0.014185623070805523,0.013615795508918995,,0.23419558097007132,0.2326697284633791,0.13111666854562762,2.7561924447615387,2.068224882891567,0.5339898157377846,0.6141894367493346,1.1467291905216699,3.4502031885265136
UL48,P06492,L,EHLNLPLVR,0.012845971895034995,0.032914829305943034,,0.25477282185453964,0.5348137566333921,0.22863515574496776,1.2884775394693078,1.4992802532030485,1.3633433332152534,2.1804562234890374,2.307317889072322,1.5865812066690768,,0.03235990078971726,,0.6156085410888018,0.4781692425906943,0.6792572192682927,1.6152310316700926,1.2396651282737452,1.155456260805484,1.0326078705331851,1.875479000131139,0.9867268242969248
UL48,P06492,L,LSFLPAGHTR,0.022895105116644426,0.03033856973571015,,0.1324532867351919,0.44444081778707045,0.12672742329107298,1.1649500099122219,1.3925452071609965,2.7378130807395324,2.879203751910627,2.310227070755258,0.7758321248806248,,0.030352123164332737,,0.544047564225196,0.5382731957219697,0.38995230119030344,1.3460478434134329,1.3136970278057882,1.507558383543412,0.9104024386866868,1.940125987868875,0.46211668635505404
UL49,P10233,L,LHFSTAPPNPDAPWTPR,0.03503862296944879,0.08052130172445779,,0.4048507928729463,0.7925914126466992,0.2733494613473588,1.17798037018971,1.3135622951995285,2.0596858978311356,1.70537438444873,1.9763081246742715,0.27609486639429726,0.025923829651695846,0.0684789449009538,,1.267910835247477,1.0670200212604404,1.0097435225986122,2.0955947672047612,1.1011104004191663,1.9981313887792653,1.2873263974152311,1.6004074991744814,0.38299486304933034
UL49,P10233,L,TDEDLNELLGITTIR,0.0371499170611906,0.05318269616971825,0.027835705182160244,1.3150737853452443,0.9501096924561916,1.1836747535648788,1.3756364087382678,1.8822439306667567,2.4699986637905367,1.291881422273488,1.2969795957079013,0.45875692122139705,0.022737329873077926,0.03793753770397476,0.05003777433575744,1.7612424990565068,0.7026409718285872,1.1773430609075328,1.5149280268959795,1.8929989013511903,1.6512957475338252,0.6813506107562443,1.1839066741156796,0.9810573734639119
UL51,P10235,L,AAVPPSEAEPR,,,,0.30263807204806853,0.5606353670975975,0.7241243684262971,0.5975767281986538,0.8828685266357789,0.5230928857571646,1.9385537054285487,1.430755591572914,2.352186016576389,,,,1.0549119192824825,0.7520854445817815,0.5312293441310518,0.6570251368108118,0.8572938747438952,0.9963042244806013,1.4492944382314341,1.5163611953680343,0.8730631606284968
UL51,P10235,L,SADVLVSQAIR,0.039822624870617426,0.03547860897122611,,1.0920482790029085,0.7889618834989037,0.5075656585731871,0.8188475166801211,1.3823828043630597,1.1648544669354195,1.4835824616671844,1.7688692990979757,1.1658938287276683,,0.03834881356606556,,1.3922269275847954,1.0701214882104144,1.3800795506088492,1.2461585000343929,1.0682756425995776,1.1846629078666469,0.9273136901599807,1.847561459692778,0.5969435872882288
UL52,P10236,E,ETLTEVLGR,,0.14708035192939803,,1.3200206170967472,1.223567283315842,,1.0605079502569763,1.0309507750765,0.7309312568023343,1.1005019197547785,1.5491884388869106,1.603274659319641,,0.13994175432924508,,0.9850139806539787,1.1930252491177404,1.223082338788279,0.9541331404315185,1.206253142896298,1.2024909917217061,0.5798223918060014,1.5099930044480667,0.2402207533680393
UL52,P10236,E,GAAAAGFPLYVER,0.07721342041297441,0.1161143975579648,,0.7343400650729462,1.2518940839635666,1.3379672534050768,0.8607528053152725,1.0596437978699689,0.7602476666224073,1.782319265275988,1.6322462102443167,1.1029072665716302,0.1648786268795687,0.11469860856117581,,1.3003065524279653,1.5416223087769756,1.1826423723144046,1.5272691139021692,0.9064019497274034,0.7556857727906645,1.5529201507131152,1.3773786432986288,0.860549668295817
UL54,P10238,IE,APAADTIDATTR,0.41361099825933195,0.2666982545376954,0.1914767054039789,0.2187691523753754,0.6842423687108673,1.243259062462555,0.4601584583206815,0.6253271702993523,1.3413559501849672,3.193243123061553,2.161728182153745,1.4036162141439745,0.04326819176508323,0.32685571308182915,0.26755388318984846,1.8116157348175057,0.9516279148668861,1.862333030957229,0.4898615271368674,0.6535808578642692,0.8772582336933751,1.3694728142636023,2.3299395384853567,0.813146919964072
UL54,P10238,IE,GSEQPDPPGGQR,0.1684426901299725,0.2093905438632747,0.3722269265801619,1.5678314637471056,1.1079125611160823,0.7973545144428731,1.2789922352671075,1.566792870722197,0.6054401255295497,1.3896036209793325,1.2907011927067165,3.124951820654361,0.18777914837017184,0.2222159788028334,0.1285630614019107,0.9678415704449427,0.5793256100843928,1.0901409072113992,1.2457097481267385,1.4066946501642095,1.4603401809734784,1.193799522934628,1.616966592540294,0.42098246320626637
UL54,P10238,IE,VSWETLVAHGPSLYR,0.1044701333798239,0.2495916051528318,,0.31540309934574423,1.057918518998919,0.4909594508396173,1.1191876910840908,1.0802055587015484,1.6821465217568203,2.8092472715218126,1.5570779047699836,0.7158487153410756,0.08868491037569637,0.24388332711281294,,0.6252973033161165,0.9286648078142069,1.6980120580790004,1.774275772314525,1.1934815508691654,1.088152897030405,1.1634338186621893,1.6891767265805315,0.3248803569530816
UL56,P10240,L,LVAPPDITR,0.14228654872439903,0.1503747696890781,,1.073961605077105,1.444804742998083,0.7279893254579674,1.0412107811611186,1.1210958689164858,1.239897209659629,1.030613375434819,1.192080618078818,1.0537219375066735,0.056645557569203954,0.116360077372321,0.059627227017738024,2.2095178646908855,1.8312236649934082,1.8800409988531068,1.478165756869274,1.1470773500692764,1.7410114110948514,0.9675985104731955,0.9969829078825296,0.2977118904100338
UL56,P10240,L,SFGPGGLLATPLFLPETR,,,,1.0362897825750266,1.6628310427396253,,1.0273099724291526,1.269977491951043,,0.9029204110094403,0.49404979873977917,,,,,1.0705237715890812,1.018263699848187,,0.9629560623972995,1.275443568974669,,,0.2794343977466965,
UL6,P10190,L,EADIAGVAER,,,,0.5257623830199171,0.7720363389712007,0.5388671366373357,1.1503441870937952,0.9273075157206788,1.1489383358461145,,1.1764142638586554,1.1353356900879144,,,,1.5093340045910388,0.942597676810215,1.5206202539049507,0.9153884057981225,0.8810159312278841,1.2397952511360408,0.8991710194971262,1.300628273411366,0.41644333238764325
UL6,P10190,L,VFDTWR,,0.09876676792094648,,0.29780610895162024,0.9386826985149606,0.5993286104081764,0.8273472350464309,1.1640967838595704,1.7882679468888245,2.2843791987337556,1.5409400661424484,,0.06818086964338217,0.10761134875422394,,1.2016262897399783,1.1676094619465651,1.4029115842231394,1.3701006022427193,1.4222284924188449,0.596790758086632,0.9505596956421144,1.5600643804424401,0.6127011003932273
UL7,P10191,L,APLVYWWLSETPK,0.03380273948847627,,,1.9750822617129133,0.8193037333243597,0.5791034469998554,1.2382676803402357,1.3791178143643195,2.1748153223689632,2.0652315979524367,1.633784614548072,,0.02859021020236348,0.030675294944162868,,0.6074945034805889,0.4073111312982268,0.5793660332721144,1.2001464218094835,1.5927377175528545,1.1939365144814316,0.8513845850135023,1.1370696939680045,0.4727786828776358
UL7,P10191,L,FTATSIAR,0.06471077047550633,,,0.7839073563501113,0.47658623852029036,0.676654602345282,0.8346223565348369,0.8862790520064165,1.2762210529129125,1.5751515935820508,1.533766276353286,1.2763005282010804,,,,1.2515834520701614,0.6651259028577472,0.7801269418167098,1.169808618882471,0.9326743101162154,1.059040887671971,1.3202158521048621,1.505568220146044,0.9316559870520442
UL7,P10191,L,LPGPPPR,0.05401445622993068,,0.039545697960922374,0.49767489637816503,0.6471549929067646,0.11371619312488303,1.1826087893914035,1.2229820737101516,1.015273452393302,2.0680595655253198,1.4821562177563747,2.5664381269150605,0.026565096580516714,0.03340675834756357,0.05211305735321844,1.2030363034440368,0.8546466939270816,1.23946370538472,1.2400263209648061,1.1312580676172952,1.9734497668678936,1.7280145714858208,1.6283951957347678,
UL7,P10191,L,SLVEAAEAISQQTLLR,,,,0.6426431763073976,0.7541215259021341,1.405409338567953,1.17047890272144,1.324606978441993,0.13988202013047712,1.6042349851912447,1.1156107822410763,,,,,0.6854526221713063,0.36518238814192316,,1.2678574984178506,1.5468224877032655,0.21389642477396598,0.6293328151907607,0.8936558375696085,2.240812216527604
UL8,P10192,E,ASWGPPAAPR,0.09785035569470464,0.08633569232406098,,0.8222165315931447,1.1284584625555165,1.1171382708131852,1.4983404030401977,1.0427384183890773,0.9004487375369119,1.522607954530327,1.7845724194783579,1.0101911244596518,0.13326004930647617,0.11266920161770386,0.08372830363889294,1.551461737872022,1.335447744079537,1.3493345415730302,1.0586587693894391,0.8857954382624027,1.6866808895690513,1.315604198573688,1.6239826232933439,0.8524781324092751
UL8,P10192,E,GPAYTTAAGVVR,0.14550804874625448,0.1948461247187498,,0.3050753325861085,0.8933693338611237,,0.8179218225427702,0.7805181388540989,,2.3862934579640327,2.0292784320438204,,,0.2772941389458399,,1.5715043008890086,1.536138387129838,,0.9217057647596124,0.6892595717892513,,0.8519912725122123,1.5992958726572768,
UL9,P10193,E,IIWGELFGVQMAK,,,,1.5873287425442997,1.481724957495881,,0.7713786793772743,1.4160535251650423,,0.6979991082564545,0.8145357664955745,,,,,,0.7208562373336567,,1.464667961680344,1.252339848834714,,0.47862550814162835,0.3144896646751307,
US10,P06486,E,DHPENLGNPEYR,,,,0.34356244852956824,0.6316185980731763,0.9513866049640235,0.884678534562907,0.8717054651256798,1.3526551378627536,1.7299413797953145,1.3111389100104502,0.9318412570061316,,,,0.8728247723391561,0.8799117945990881,0.7837417216212282,0.8032786918207163,0.8420238688119543,1.0032336779451114,1.3657141729523365,1.4636013633796512,0.9771416006007514
US10,P06486,E,LVHTQWLR,,,,0.5288197755112195,0.6164950623547266,,0.9985045064057985,1.0189527640499907,0.5476210893480247,1.3419216090972017,1.4142402527977083,,,,,0.9166877584454669,0.8091260302260659,0.9349083313804456,1.3408245391170035,0.896877858833708,1.51747057927153,0.8732418114233106,1.2443080317378012,
US10,P06486,E,YAPLASPDPFSPQHGAYAR,,,,,0.5624702478169916,,1.164390518797396,1.0678182144339723,1.134995252821783,0.994584257353794,1.207571487352162,0.7546641303246902,,,,1.0604776468061974,0.806115138981254,0.5768002391309197,0.9945792408687008,1.023519327196056,1.9007579997858726,0.7859683361739116,1.3325055842195637,0.6327823779367349
US11,P04487,L,GDNDQAAGQC[+57]GDSGLLR,,,,,,,0.27115216784778046,,,2.084903575362114,1.2624295840462019,,,,,,,,0.37891890711416654,,,1.2650253496759385,0.7375704159537978,
US11,P04487,L,GVPSAGMHPR,0.0009686973609765634,0.0005591882229354505,0.0011754600271618877,0.32518902844602343,0.36020275995916134,0.27660134044133233,1.342986664274311,3.30050618183549,1.0011077922279412,2.653659334681837,1.6744388245372783,2.6213358510973035,0.0005030201634916313,0.0004094666703963679,,0.25536142879442225,0.22760185281464318,0.26772114349763404,1.5305279887563947,0.9269879932659018,1.4833708069705367,1.8908038375225433,1.5092937326941926,1.348687605738091
US11,P04487,L,MISGPPQR,0.0018483339878036657,0.0012876141562474788,,0.09171059935462846,0.2082135652957682,0.25637280052858785,0.9083639693803185,1.3855344541547912,1.3803803882659762,2.926132645863747,2.6379905747487093,1.7924539652600098,0.0007154774433166687,0.0016349389847251576,,0.232548844860282,0.22014713564290628,0.20272597587432492,0.9180940381196161,1.0618720493692397,1.067577197838289,2.920586090990288,2.483319667647612,1.3004896722328114
US11,P04487,L,VGADTTISKPSEAVRPPTIPR,,,,0.15249251882419038,0.1884050039858089,,1.0745642231520953,0.9460556789278418,2.67290168709798,3.518765112475741,1.766662318060609,0.3168664475123847,,,,0.3135324639596011,0.20011502690661861,0.20268726006760623,0.41266875143833665,0.93160634277757,,0.5279769301500351,1.967155629341552,0.8075446053220299
US12,P03170,IE,TGGTVTDSPR,0.4413981022310784,0.259559540750828,0.2540928532114353,3.048433165236796,2.528157007067402,1.2549469433749814,0.5132266956615872,0.836086323408362,0.7121870441754999,0.2462108507889705,0.5069703399948541,0.702311652951898,0.10037252621000979,0.2734154913927307,0.24349593842986872,2.436081205223478,1.931861511310684,3.0421139844076066,0.9224531826706923,0.9996387047038784,1.2108391306068043,0.2918242719773883,0.6643110813712607,0.5800124528419061
US2,P06485,L,DQPSPPR,,,,0.8899296526299175,0.9513343771424748,1.001871150724546,1.214166846640002,1.103416944707676,0.8077117043520857,0.9172377878814164,0.8733824071352397,1.3537734441204754,,,,0.9529946704550858,0.9221666255768088,0.7921933676550195,0.988201298263057,1.2096679198927511,1.2318170936490946,1.0374697441305207,0.9400317255450487,0.812633239498779
US2,P06485,L,GPQETDPLIAVR,0.00863777493626685,0.01867596339929816,,0.5488091993111786,1.129379072261456,0.38666890082855077,1.83157051550852,,0.90252103557047,1.2078615257275989,1.232810665880192,0.5935817497349666,,0.014897026699559548,,1.083141269398763,1.6313314399956962,0.7124734248327621,1.7479988090212069,1.5906379587470727,3.009833830514526,0.5719809060964665,1.3822678730167262,0.39492105851872433
US2,P06485,L,TPDAWVGEPWAVPTR,,,,0.6039789165923484,1.1073569805138779,1.8026766882402092,1.6685094135378669,1.4747580199870862,0.545445286587911,1.3846050660708038,0.7149548839683497,,,,,0.5735873150254139,0.5630720407342757,,1.1971785113043194,1.6427094298082843,0.5238327680010795,0.572140777469246,0.4971486449881252,1.1280452571708
US2,P06485,L,TSVDASPALWSFLLR,,,,0.5134654983729758,0.5586667811893424,,1.135455294872009,1.2702171339755481,,1.567635909930586,1.0833483475915076,,,,,0.7854519999621764,0.5670673927905088,,1.6105428015815337,1.296169547106743,,0.3874484952807188,1.2245307973463513,
US3,P04413,E,AGWYTSTSHEAR,0.10585436299031929,0.0787410470249483,0.09708950572852205,0.5166795952893403,1.1935411873848303,1.8068179190910159,1.1187365655797779,1.1606497925504968,1.446159071972219,1.84543131775999,1.379702967185316,1.1304389993334962,0.08580523070100736,0.10142149265350212,0.08928143883783907,1.5619776619885812,1.406345160125992,1.03005855094481,0.9080911060982533,1.230619573996936,1.3001637847057226,1.857424159592732,1.4489787790779791,1.0999907293863755
US3,P04413,E,QLLSAVDYIHR,,0.10868205772738075,,1.291607563297775,0.7611521677179132,,0.6223690224198442,0.8279365323391747,,0.9566181028748475,1.6367896643164952,,,,,1.8202148189956806,0.9049708008735539,,0.6848722280159394,1.2887845359303,,0.6243182643959124,1.4716842410951818,
US3,P04413,E,YQADLYTYLSR,,0.12748150977861036,,0.7463737169617668,1.0342796471517306,,0.8574250910718209,1.0983592080921423,1.1400750794423167,1.1786879740358887,1.5126878666413655,,,0.11678494209345716,,1.0914043178828527,1.286582367412662,1.196732397156399,1.3715771440594782,1.1260123010113332,1.331285585329752,0.7545317559881924,1.6978121578186993,0.33190693807153243
US9,P06481,E,LSDPNSSAR,0.02634321968656732,0.032474770056082736,0.0356983760834008,1.1076190181439955,0.936224779041475,0.8164944846520305,1.7666794742991228,2.5628538760290898,1.5686355880526102,1.3479104525643308,0.9549586476577036,1.5792240073674795,0.01777136486744263,0.02745950312052397,0.03104017832401037,0.8492685563788079,0.8412861643356073,0.9251395278803244,1.7890072072549414,1.683858589162598,2.0257049272263097,1.0954007068047924,0.9608836705969198,1.018062910413834
gB,P10211,L,DVTVSQVWFGHR,0.28826007548149235,0.6288592894403651,,1.443549884295999,0.6588539582918953,0.645803722493739,0.9371884377198813,1.7818292249129086,2.0436388920932593,1.2181850183773724,1.2610024310367487,0.40184381326121366,0.36093126201281184,0.2833224754480813,,0.2860334589550534,0.28315963098238983,0.8739143088459264,2.4638917591065477,1.993583993174669,0.9289449085985663,1.0019601040508412,1.1093889967129427,1.1058543547072954
gB,P10211,L,FTVAWDWVPK,,,,1.2795338952322919,0.4767772042053562,,0.47921212039807654,1.2666961614452983,1.2058427671389276,0.4549180929057432,1.1872837126969336,,,,,0.06661056148045097,0.20870160684223807,,3.2718148202764095,2.0406044490779625,1.5557115601738007,0.44791050970702817,0.8199368657322121,0.2384456726872722
gB,P10211,L,LQFTYNHIQR,0.04402693457949667,0.07753303465654836,0.028260224507305063,0.694878080316749,0.659217220734594,1.0207670184564428,1.736516251683315,1.5703706235842423,1.956486482327645,1.428185930903331,1.6190594168207573,1.4803348542129489,0.04234114267205544,0.054751131435042684,0.044523683128907914,0.8812227388652504,0.4415697482031025,0.6181323959840478,2.0259688258589255,2.2851302310189743,0.7685073211135195,1.1468600951208776,1.2923685935467382,2.082988020269183
gC,P10228,L,ATC[+57]TAAAYYPR,0.00727993249864269,0.02396681648022337,,0.2880230654949467,0.20845305311165505,0.3380817537802111,1.3622249183423834,1.6070907062850068,0.2527581381177978,1.9983931333291391,1.7909566774023338,1.0774599210153963,0.006560099201169627,0.012097205222096704,,0.26724755874756156,0.14509654420659532,0.14143253741267842,2.448296674052489,2.3874817605971583,0.3568172114781907,1.6219746183336674,1.8248572366949305,3.833450438195726
gC,P10228,L,DSVTFSR,0.013320472988442663,0.027509740383542855,0.018725596192229108,0.4183896734518595,0.23091152535574425,0.3403289365035528,1.6856935911500224,1.512208515367839,1.3329696384650118,1.8802339540846464,2.085651948359102,1.964814818600277,0.014226785975792865,0.020019535697161042,0.010412940984726633,0.28546203935458475,0.16646236715595777,0.29369424672370287,1.602002285904634,1.6670203354324868,1.1458177059868826,2.1006711970900174,2.2902160322481655,2.893236116543617
gC,P10228,L,SPPTSTPDPKPK,0.004259651248460726,0.0070254661428474155,0.010952846303905809,0.6413272710075812,0.29634343487422243,0.4440827618711395,1.4160290786978544,1.5582251332994281,1.3336702649906305,1.6217749637787449,1.4115036272786465,2.304992969462002,,,0.006460109474797405,0.4059928154019364,0.3004771854774509,0.4556739096601717,1.4680632036869932,1.7568915327998678,2.088113882109857,1.4425530161784286,1.6695336201275384,1.3560532561274956
gD,Q69091,L,DLPVLDQLTDPPGVR,0.009741218278766383,0.043001726917694896,,0.24597559936869484,0.8448995739457249,0.6234532963493472,1.5933111057920661,1.4226337365816901,1.7382752946809967,2.0145532742913455,1.9564763109680556,1.1663565669650904,0.024292473760204096,0.05279519018688302,,0.18449314042102816,0.7531360294686125,0.3894884579029277,2.627309692383212,1.2247931292107332,0.9526634367764537,1.3003234957046828,1.7022643027206052,1.1297629473251842
gD,Q69091,L,SLGAC[+57]PIR,0.015540428597099054,0.04272639206613951,0.028078193993463625,0.9869463214672917,0.5606373898995288,0.3669095520438294,1.5771956251846448,1.7147729572479313,0.9545568701665146,1.3801833767871972,1.6390974599721786,2.5459811772359906,0.027197189043985617,0.03196184572572936,0.023469679277087617,0.6367116006490076,0.43951602563559844,1.2969981091587697,1.806473961826415,1.9974929566988124,1.776416745133581,1.5697514964443584,1.5737949727540832,1.0075896729907639
gD,Q69091,L,SVLLNAPSEAPQIVR,0.004697603288079183,0.009543392501443237,,0.17350677289797506,0.28093093824806703,0.10251696647658168,1.3206905261480375,1.6235761479732052,2.0407032082565544,2.2382654225965144,2.3742214624136233,1.255786788928751,,0.007951510137859535,,,,0.27772767340711396,,1.7037765487258019,1.3706851820540438,1.2628396750693944,,0.952580180876956
gD,Q69091,L,YALPLR,0.007437756928509342,0.01679363183749856,,0.686500864298119,0.4995549864603484,0.3322950005555666,1.6511417559631494,2.0609776091520273,1.1077205844362816,1.896753245454965,1.6068403434100502,1.011397861490122,0.00702170263343228,0.004961619788370716,0.002254243045554612,0.5657700924209643,0.23711412199654902,0.18738716241004813,1.9552996491960941,2.282331329066985,1.5090030126671843,1.2300749331047658,1.2914263582881707,2.849942135395243
gE,P04488,L,NAVVEQPLPQR,0.012103640226898218,0.05010103972349032,,1.4365048387647008,0.6935416355248829,1.0067872632904753,1.6371873738529483,1.4836740107145827,0.6288880992712648,0.7135749415023408,1.5466672795581584,0.8397387920988921,0.030310570169944616,0.016488682804613065,,0.8310232566646351,0.2648019181012145,0.6820165905207255,2.2522604671446493,2.749661906114624,1.0561059064141747,1.0870349116738829,1.1950635274584342,1.7864633484044676
gE,P04488,L,SLVIHGVR,0.08132226006556222,0.05358978557607094,0.07319779181443027,0.6256272289120699,1.418437232628071,1.799720437566743,1.2625684568312203,1.1811475281513395,1.688991643132242,1.4258874685977028,1.166256426281649,0.6957216370882924,0.0394246722996966,0.06387258482051646,0.041455478338492516,2.3551747312836113,1.6760090503219378,1.8823142161706734,1.2731703324232853,1.2203035025388858,1.0300444721771225,0.9368248495868513,1.2203838896815293,0.7885543237120036
gE,P04488,L,TDFVWQER,0.0560494330641689,0.06420259843257978,,1.3699392264369854,1.5430764643126564,1.6034329323543375,1.3131234083569048,1.6008258989230681,0.8743582953906167,1.035674581132943,1.1273771955130925,0.5348936934101941,0.04959705206930936,0.04790390020464924,,1.8929546749991832,0.980499901464013,0.8957876992405114,1.6296924244064352,1.8282505175491075,0.6539207645776567,0.6529691995340696,0.8078635236008339,1.4376066150266829
gE,P04488,L,VSVGEDVSLLPAPGPTGR,,,,1.1967594539464703,1.3450651729691978,0.9366594647154681,0.9956780181035693,1.6044052535400064,1.234836600996811,0.7067512855319599,0.5210662196873016,0.5824568234615041,,,,1.4615669158319122,0.6271624058583319,1.5780159073706153,1.3644540554723474,1.4807847038205357,1.2118247174283168,0.27479027111374116,0.4215162441246263,0.4562064860272849
gH,P06477,L,ALFYASAVLR,,,,0.1883218271173581,0.372113231076841,,0.7723200407187999,0.8747591900378014,1.6823896397888232,2.07789476430751,1.6623315008122705,0.4094473439555274,,,,0.19394328562404858,0.43415974602287233,,1.649847529549415,1.1359967966085927,1.4503040099661462,1.1176725526828684,1.520639535441622,0.45785900628950316
gH,P06477,L,QPFLAGVPSAVQR,,,,0.1649472452000937,0.31170991219164534,,0.9980190273964781,0.9880348049351203,1.8546263720304466,1.8868999170494387,1.5636089414220138,0.526301633624081,,,,0.7666561356435495,0.6592262870784898,0.6190719943454724,1.651328746365753,0.9812795961541293,,0.5321489283446871,1.4961404582186024,
gH,P06477,L,VFVLGSLTR,,,,0.5815853777278833,0.6534603318511256,,0.5093823241521621,1.8754376201352194,1.0756860566886859,2.3760491422735055,0.9290281594442495,0.8293447076531013,,,,0.7481808048673807,0.472160984774806,,1.2804347619791758,1.5372541294701207,1.4780998796626346,0.5043675889998934,0.5326587743244785,0.6168693559955782
gI,P06487,L,ATDSTHSPAYPTLELNLAQQPLLR,,0.11406368788781246,,0.7497034891422399,1.1556450214663414,0.6601434265457913,1.1990084830157202,1.1003982394011205,1.7819493802912125,1.2172818239484267,1.4083058780758262,,,0.08546568799731687,,0.8914823051791497,1.4121087474371314,1.1636254822078504,1.6795534566496062,1.4029821265421472,0.7818812138029122,0.2629704420648566,1.321030611192305,0.6124004971522337
gI,P06487,L,SHPSTPPK,0.07918066096621482,0.06160632998145617,0.06417131922450615,1.3978605073673487,1.508913333729343,1.1422837464698423,1.1829075481795046,1.3110387470245284,1.4403874114243345,1.2201335645692182,0.7266244269167602,1.9135459496538028,0.12605235890290317,0.08004614689778364,0.054828230073908926,1.1793816494975187,1.4365722590146373,1.061893139931432,0.7734954619956744,1.7110481569494138,1.2566513965132828,2.0409882485216166,1.164150599486078,1.066238806708891
gK,P68331,L,IVSSVFLQYPYTK,,,,0.31155741377037127,0.8670011787867412,,1.1617377593725655,0.8635687982283787,,0.8599990550431513,0.9770024307660969,,,,,1.5360533239377623,1.3009299328713835,,1.66674641438238,1.0036498450459534,,0.46390603349376963,0.9878478143014467,
gK,P68331,L,MVAPATYLLNYAGR,,,,0.5709145260595061,0.7395589054559025,,0.7934094847599087,0.9013195021365609,,1.299296554408844,1.0302435537120165,,,,,0.8109841678627215,1.2886580239110337,,1.980802725694621,1.0743075540460154,,0.5445925412143986,0.9659124607384713,
gM,P04288,L,GGVAVPLR,0.04103331971168091,0.05693458785948778,0.046961212680863874,0.8233676443269224,0.3907461632637022,0.7816272797821893,1.6936760869453,1.7054329259239578,0.7513321252884863,1.936118640461101,1.7951948664308044,1.545436123056896,0.02387801994754881,0.031306769057605946,0.01237784391561943,0.6855986080991299,0.2611375221435927,0.31177383283634,1.5638704190336923,2.4321932486837095,1.0367706427766463,1.2324572614746236,1.3270539166371393,3.5137209396629596
gM,P04288,L,GSPDSAPPTK,0.038683999313280766,0.046896288451204304,0.04671850927132768,0.8075700299874656,0.5544463170098428,0.556007221644734,1.5900788252110367,1.6086192247330697,0.9806763334665795,1.3645231765134025,1.4837540541550278,2.2332173907541497,0.041558621866796916,0.04421668341716074,0.02646023292505517,0.7094728302802491,0.687874401106495,0.5815944315430591,1.6467709221065763,1.9433893155022552,1.6520050311388808,1.8013415947211928,1.6308037156249455,1.9233208492562144
gM,P04288,L,GVLSGTYLR,0.041379863883557834,0.06857588073787299,0.03722266334688268,0.5668201515224045,0.5331276048219373,0.45473963587612676,1.84320605714237,1.734190760459629,0.8582113519461153,1.5043128787582885,1.8939923698122696,1.3010784457518283,0.03240236111251787,0.048927867120572156,0.025635385700549993,0.7539492679421724,0.3712702193296645,0.48293022047296985,2.0890102552452294,1.8334688610280194,0.19211661375871925,1.168919164393459,1.516446436690036,4.6480656831468075
